,phrase,label,sentiment,subjectivity,language,count,gnd,geonames,geotype,latitude,longitude,continent,country,ipcc
Northeast,Northeast,LOC,0.13958530,0.53050281,en,87.50000000,,-1,,,,,,
Chicago,Chicago,GPE,0.09738855,0.57142200,en,65.00000000,4009921-0,4887398,X,41.85002900,-87.65004900,NORTH-AMERICA,United States,ENA
Midwest,Midwest,LOC,0.03208588,0.48283651,en,57.00000000,,-1,,,,,,
U.S.,U.S.,GPE,0.11741790,0.59450612,en,56.40000000,,-1,,,,,,
New York,New York,GPE,0.12026144,0.54787288,en,45.50000000,,-1,,,,,,
Colorado,Colorado,GPE,0.13517674,0.41861717,en,39.30000000,,-1,,,,,,
US,US,GPE,0.07604821,0.60530676,en,38.50000000,,-1,,,,,,
Europe,Europe,LOC,-0.01013577,0.36366043,en,35.00000000,,-1,,,,,,
Germany,Germany,GPE,0.11952563,0.36010463,en,34.40000000,,-1,,,,,,
California,California,GPE,0.08152394,0.74079948,en,33.40000000,,-1,,,,,,
Arctic,Arctic,LOC,-0.04045310,0.59704771,en,31.40000000,,-1,,,,,,
Toronto,Toronto,GPE,0.11653521,0.44170835,en,30.10000000,4060459-7,6167865,X,43.70011000,-79.41630000,NORTH-AMERICA,Canada,ENA
New York City,New York City,GPE,0.11184855,0.58631458,en,29.50000000,4042011-5,5128581,X,40.71416600,-74.00597000,NORTH-AMERICA,United States,ENA
Ontario,Ontario,GPE,0.11354510,0.48974116,en,28.90000000,4102089-3,6093943,X,49.25014000,-84.49983000,NORTH-AMERICA,Canada,ENA
UK,UK,GPE,0.03023926,0.62876349,en,28.40000000,,-1,,,,,,
Kashmir,Kashmir,LOC,0.18821355,0.51124610,en,24.40000000,,-1,,,,,,
Great Lakes,Great Lakes,LOC,0.54471233,0.84015289,en,23.60000000,,-1,,,,,,
New Jersey,New Jersey,GPE,0.09359823,0.50718669,en,21.70000000,4042004-8,5101760,X,40.16705900,-74.49987000,NORTH-AMERICA,United States,ENA
Canada,Canada,GPE,-0.04493444,0.67839353,en,21.60000000,4029456-0,6251999,X,60.10866900,-113.64257900,NORTH-AMERICA,Canada,NWN
the United States,the United States,GPE,0.18644190,0.54391031,en,21.40000000,,-1,,,,,,
Michigan,Michigan,GPE,0.10137266,0.39788322,en,20.80000000,4115139-2,5001836,X,44.25028900,-85.50033000,NORTH-AMERICA,United States,ENA
Wisconsin,Wisconsin,GPE,0.04716722,0.20950220,en,20.20000000,4119135-3,5279468,X,44.50023900,-90.10000000,NORTH-AMERICA,United States,CNA
Denver,Denver,GPE,0.09276179,0.37611669,en,19.90000000,,-1,,,,,,
Scotland,Scotland,GPE,0.10366354,0.33906835,en,19.70000000,4053233-1,2638360,X,56.00000000,-4.00000000,EUROPE,United Kingdom,NEU
Iowa,Iowa,GPE,0.02568251,0.40522384,en,19.40000000,4109226-0,4862182,X,42.70000000,-93.50048900,NORTH-AMERICA,United States,CNA
Ohio,Ohio,GPE,0.05461940,0.38142265,en,18.10000000,,-1,,,,,,
Massachusetts,Massachusetts,GPE,0.05181000,0.32565882,en,17.90000000,4037858-5,6254926,X,42.36565000,-71.10832000,NORTH-AMERICA,United States,ENA
Lancaster County,Lancaster County,GPE,0.08633721,0.20077519,en,17.20000000,,-1,,,,,,
Finland,Finland,GPE,0.09335129,0.38618903,en,17.20000000,,-1,,,,,,
Japan,Japan,GPE,0.21927104,0.52995154,en,15.00000000,4028495-5,1861060,X,35.68536000,139.75308900,ASIA,Japan,EAS
the Great Lakes,the Great Lakes,LOC,0.39713091,0.85500216,en,14.60000000,,-1,,,,,,
NYC,NYC,GPE,0.06307372,0.46552806,en,14.50000000,,-1,,,,,,
Philadelphia,Philadelphia,GPE,0.03556949,0.41461860,en,14.50000000,,-1,,,,,,
NY,NY,GPE,0.09729185,0.42916705,en,14.30000000,,-1,,,,,,
Pennsylvania,Pennsylvania,GPE,0.09643086,0.33669441,en,14.20000000,4045103-3,6254927,X,40.27244900,-76.90567000,NORTH-AMERICA,United States,ENA
Minnesota,Minnesota,GPE,-0.03146249,0.39005215,en,13.30000000,4101012-7,5037779,X,46.25023900,-94.25055000,NORTH-AMERICA,United States,CNA
England,England,GPE,-0.03607955,0.50877131,en,12.80000000,4014770-8,6269131,X,52.16044900,-0.70312000,EUROPE,United Kingdom,NEU
Manitoba,Manitoba,GPE,0.02263780,0.23097113,en,12.70000000,4100106-0,6065171,X,55.90000000,-97.89999900,NORTH-AMERICA,Canada,NEN
Washington,Washington,GPE,0.20715333,0.39868442,en,12.40000000,4118995-4,5815135,X,47.50012000,-120.50146900,NORTH-AMERICA,United States,WNA
Sweden,Sweden,GPE,-0.06019388,0.38098443,en,12.10000000,4077258-5,2661886,X,62.00000000,15.00000000,EUROPE,Sweden,NEU
Indiana,Indiana,GPE,-0.06368056,0.52354167,en,12.00000000,4109219-3,4921868,X,40.20000000,-86.25027000,NORTH-AMERICA,United States,ENA
Amsterdam,Amsterdam,GPE,0.05966497,0.11682665,en,11.50000000,4001783-7,2759794,X,52.37402900,4.88968900,EUROPE,The Netherlands,NEU
Illinois,Illinois,GPE,-0.01169591,0.19554094,en,11.40000000,4109206-5,4896861,X,40.20000000,-89.25037000,NORTH-AMERICA,United States,ENA
Cincinnati,Cincinnati,GPE,0.03591998,0.38226300,en,10.90000000,,-1,,,,,,
B.C.,B.C.,GPE,-0.02522936,0.29434251,en,10.90000000,,-1,,,,,,
Netherlands,Netherlands,GPE,-0.02083333,0.30632716,en,10.80000000,,-1,,,,,,
Calgary,Calgary,GPE,0.03671617,0.32164466,en,10.10000000,4085122-9,5913490,X,51.05000000,-114.08527700,NORTH-AMERICA,Canada,NWN
arctic,arctic,LOC,-0.17923611,0.57027778,en,10.00000000,,-1,,,,,,
Quebec,Quebec,GPE,0.06700556,0.45370476,en,10.00000000,,-1,,,,,,
Britain,Britain,GPE,-0.21769048,0.68728571,en,10.00000000,,-1,,,,,,
NJ,NJ,GPE,0.13369519,0.41640567,en,9.80000000,,-1,,,,,,
Florida,Florida,GPE,-0.04654539,0.80049045,en,9.80000000,4017585-6,4155751,X,28.75054000,-82.50010000,NORTH-AMERICA,United States,ENA
New England,New England,LOC,0.18923445,0.64972887,en,9.50000000,,-1,,,,,,
India,India,GPE,0.17281903,0.64136709,en,9.20000000,,-1,,,,,,
Vermont,Vermont,GPE,0.11919628,0.36197731,en,9.10000000,4063093-6,5242283,X,44.40000000,-72.74983000,NORTH-AMERICA,United States,ENA
Jammu,Jammu,GPE,0.19551282,0.35576923,en,9.10000000,4387357-1,1269321,X,32.73568900,74.86911000,ASIA,India,WCA
South,South,LOC,0.18516484,0.55293040,en,9.10000000,,-1,,,,,,
Alaska,Alaska,GPE,-0.06484071,0.57328227,en,9.10000000,4001016-8,5879092,X,64.80000000,-150.80000000,NORTH-AMERICA,United States,NWN
Paris,Paris,GPE,0.17094871,0.35657872,en,8.70000000,4044660-8,2988507,X,48.85340900,2.34880000,EUROPE,France,WCE
Ireland,Ireland,GPE,-0.28810782,0.55843904,en,8.60000000,4027667-3,2963597,X,53.00000000,-8.00000000,EUROPE,Ireland,NEU
Greece,Greece,GPE,0.09226190,0.37648810,en,8.40000000,,-1,,,,,,
Texas,Texas,GPE,0.04787331,0.41794451,en,8.30000000,4059594-8,4736286,X,31.25044000,-99.25060900,NORTH-AMERICA,United States,CNA
New Hampshire,New Hampshire,GPE,0.00113504,0.59650512,en,8.20000000,4042002-4,5090174,X,43.66702000,-71.49979900,NORTH-AMERICA,United States,ENA
West Michigan,West Michigan,GPE,0.13965878,0.69244888,en,8.20000000,,-1,,,,,,
Northern Ireland,Northern Ireland,GPE,-0.05681818,0.58253589,en,7.60000000,4075462-5,2641364,X,54.50000000,-6.50000000,EUROPE,United Kingdom,NEU
Ottawa,Ottawa,GPE,0.12712940,0.64260852,en,7.40000000,4122012-2,6094817,X,45.41111100,-75.69805500,NORTH-AMERICA,Canada,ENA
Connecticut,Connecticut,GPE,0.10062267,0.42079701,en,7.30000000,4010487-4,4831725,X,41.66704000,-72.66648000,NORTH-AMERICA,United States,ENA
St. Louis,St. Louis,GPE,0.26917808,0.34394977,en,7.30000000,4118223-6,4407066,X,38.62727000,-90.19789000,NORTH-AMERICA,United States,CNA
Kentucky,Kentucky,GPE,0.11892902,0.55631659,en,7.30000000,4097823-0,6254925,X,38.20042000,-84.87761900,NORTH-AMERICA,United States,ENA
Rockies,Rockies,LOC,0.06614688,0.48264588,en,7.10000000,,-1,,,,,,
Newfoundland,Newfoundland,GPE,0.12474747,0.48113276,en,6.60000000,,-1,,,,,,
France,France,GPE,-0.22051282,0.42051282,en,6.50000000,,-1,,,,,,
Louisville,Louisville,GPE,0.11547112,0.36783854,en,6.40000000,,-1,,,,,,
Alberta,Alberta,GPE,0.03738839,0.41917783,en,6.40000000,4001049-1,5883102,X,52.28332900,-117.46899900,NORTH-AMERICA,Canada,NWN
Kansas City,Kansas City,GPE,-0.02929687,0.37695312,en,6.40000000,,-1,,,,,,
Saudi Arabia,Saudi Arabia,GPE,0.01468750,0.68375000,en,6.40000000,4051788-3,102358,X,25.00000000,45.00000000,ASIA,Saudi Arabia,ARP
Metro Detroit,Metro Detroit,GPE,-0.07148437,0.35416667,en,6.40000000,,-1,,,,,,
Taplejung,Taplejung,GPE,0.23828125,0.42968750,en,6.40000000,,-1,,,,,,
Wales,Wales,GPE,-0.06770833,0.40885417,en,6.40000000,,-1,,,,,,
America,America,GPE,0.28994709,0.68359788,en,6.30000000,,-1,,,,,,
Kansas,Kansas,GPE,0.13888889,0.25132275,en,6.30000000,4114131-3,4273857,X,38.50028900,-98.50063000,NORTH-AMERICA,United States,CNA
Earth,Earth,LOC,0.05810028,0.57663139,en,6.30000000,,-1,,,,,,
Hamburg,Hamburg,GPE,0.00340136,0.12585034,en,6.30000000,4023118-5,2911297,X,53.58332900,10.00000000,EUROPE,Germany,NEU
Syracuse,Syracuse,GPE,0.03409091,0.46444282,en,6.20000000,4106466-5,2523083,X,37.08514900,15.27299900,EUROPE-AFRICA,Italy,MED
the East Coast,the East Coast,LOC,0.01457577,0.67335219,en,6.20000000,,-1,,,,,,
the Pacific Northwest,the Pacific Northwest,LOC,0.25847615,0.41008445,en,6.10000000,,-1,,,,,,
NEW YORK,NEW YORK,GPE,0.04002525,0.62647306,en,6.00000000,,-1,,,,,,
Southern California,Southern California,LOC,0.09288793,0.45876437,en,5.80000000,,-1,,,,,,
China,China,GPE,0.17601881,0.78945925,en,5.80000000,4009937-4,1814991,X,35.00000000,105.00000000,ASIA,China,EAS
Türkiye,Türkiye,GPE,0.08962905,0.33861024,en,5.80000000,4061163-2,298795,X,39.05901000,34.91154900,EUROPE-AFRICA,Turkey,MED
Long Island,Long Island,GPE,0.09688705,0.44174472,en,5.50000000,,-1,,,,,,
Indianapolis,Indianapolis,GPE,0.02121212,0.28484848,en,5.50000000,,-1,,,,,,
Utah,Utah,GPE,0.05238708,1.24957118,en,5.30000000,4062214-9,5549030,X,39.25023900,-111.75103000,NORTH-AMERICA,United States,WNA
Peoria,Peoria,GPE,0.12264151,0.53773585,en,5.30000000,,-1,,,,,,
the Great Lakes region,the Great Lakes region,LOC,0.23988228,0.56274891,en,5.30000000,,-1,,,,,,
Georgia,Georgia,GPE,0.18429487,0.55235043,en,5.20000000,4020273-2,4197000,X,32.75041900,-83.50018000,NORTH-AMERICA,United States,ENA
Russia,Russia,GPE,0.31115395,0.58916396,en,4.80000000,,-1,,,,,,
CHICAGO,CHICAGO,GPE,0.25814663,0.80124408,en,4.60000000,,-1,,,,,,
Plains,Plains,LOC,0.06225296,0.46294466,en,4.60000000,,-1,,,,,,
Aberdeenshire,Aberdeenshire,GPE,0.06884058,0.31159420,en,4.60000000,,-1,,,,,,
Lapland,Lapland,GPE,0.16237923,0.30591787,en,4.60000000,,-1,,,,,,
Cleveland,Cleveland,GPE,-0.13768116,0.36231884,en,4.60000000,,-1,,,,,,
Detroit,Detroit,GPE,0.07336957,0.34510870,en,4.60000000,4011559-8,4990729,X,42.33142900,-83.04574900,NORTH-AMERICA,United States,ENA
Himalayas,Himalayas,GPE,0.11792184,0.29191253,en,4.60000000,,-1,,,,,,
Southeast Michigan,Southeast Michigan,LOC,0.06521739,0.27898551,en,4.60000000,,-1,,,,,,
Montana,Montana,GPE,0.16604320,0.45290796,en,4.60000000,4040138-8,5667009,X,47.50000000,-109.75101900,NORTH-AMERICA,United States,WNA
New Brunswick,New Brunswick,GPE,0.12590580,0.40851449,en,4.60000000,,-1,,,,,,
Maine,Maine,GPE,0.20875094,0.50031370,en,4.60000000,4114929-4,4971068,X,45.50032000,-69.24976900,NORTH-AMERICA,United States,ENA
Orkney,Orkney,GPE,0.14130435,0.31521739,en,4.60000000,,-1,,,,,,
Oswego County,Oswego County,GPE,0.07312253,0.30895916,en,4.60000000,,-1,,,,,,
Los Angeles,Los Angeles,GPE,-0.07390572,0.52710438,en,4.50000000,,-1,,,,,,
Erie,Erie,GPE,0.03822314,0.16528926,en,4.40000000,,-1,,,,,,
Switzerland,Switzerland,GPE,0.48636364,0.67954545,en,4.00000000,,-1,,,,,,
Athens,Athens,GPE,0.22222222,0.38105413,en,3.90000000,4003366-1,264371,X,37.97944900,23.71621900,EUROPE-AFRICA,Greece,MED
Italy,Italy,GPE,0.52564103,0.78205128,en,3.90000000,,-1,,,,,,
Berlin,Berlin,GPE,0.08624709,0.30458430,en,3.90000000,4005728-8,2950157,X,52.50000000,13.41666900,EUROPE,Germany,WCE
Chennai,Chennai,GPE,0.00992253,0.34674185,en,3.80000000,5351481-6,1264527,X,13.08777700,80.27833300,ASIA,India,SAS
Milwaukee,Milwaukee,GPE,0.02631579,0.89254386,en,3.80000000,,-1,,,,,,
Montreal,Montreal,GPE,-0.11891892,0.67027027,en,3.70000000,4040188-1,6174335,X,47.33344900,-79.43296900,NORTH-AMERICA,Canada,ENA
Schiphol,Schiphol,GPE,-0.00337838,0.22635135,en,3.70000000,,-1,,,,,,
CTABC7,CTABC7,GPE,0.14762100,0.37519598,en,3.70000000,,-1,,,,,,
Houston,Houston,GPE,0.18918919,0.81081081,en,3.70000000,,-1,,,,,,
the Lower Peninsula,the Lower Peninsula,LOC,-0.06306306,0.18468468,en,3.70000000,,-1,,,,,,
Columbus,Columbus,GPE,-0.13513514,0.41891892,en,3.70000000,,-1,,,,,,
DENVER,DENVER,GPE,0.00360360,0.23513514,en,3.70000000,,-1,,,,,,
Mich.,Mich.,GPE,0.31233961,0.65034125,en,3.70000000,,-1,,,,,,
Virginia,Virginia,GPE,0.04166667,0.23423423,en,3.70000000,4063592-2,6254928,X,37.54811900,-77.44674900,NORTH-AMERICA,United States,ENA
Attica,Attica,GPE,-0.11833941,0.68698037,en,3.70000000,,-1,,,,,,
Green Bay,Green Bay,LOC,-0.08108108,0.25675676,en,3.70000000,,-1,,,,,,
North Carolina,North Carolina,GPE,-0.03378378,0.10135135,en,3.70000000,4042551-4,4482348,X,35.50068900,-80.20000000,NORTH-AMERICA,United States,ENA
PITTSBURGH,PITTSBURGH,GPE,0.05945068,0.48227448,en,3.70000000,,-1,,,,,,
Upper Peninsula,Upper Peninsula,LOC,0.05271387,0.26088899,en,3.70000000,,-1,,,,,,
Des Moines,Des Moines,GPE,0.04054054,0.54729730,en,3.70000000,,-1,,,,,,
West Virginia,West Virginia,GPE,0.12162162,0.68108108,en,3.70000000,4119079-8,4826850,X,38.50037900,-80.50009000,NORTH-AMERICA,United States,ENA
Chicagoland,Chicagoland,GPE,0.11317568,0.65015015,en,3.70000000,,-1,,,,,,
Pacific Northwest,Pacific Northwest,GPE,-0.02402402,0.49549550,en,3.70000000,,-1,,,,,,
COLUMBUS,COLUMBUS,GPE,0.00000000,0.13513514,en,3.70000000,,-1,,,,,,
NWS,NWS,GPE,0.00000000,0.45945946,en,3.70000000,,-1,,,,,,
Provo,Provo,GPE,-0.12162162,0.85135135,en,3.70000000,,-1,,,,,,
Pacific,Pacific,LOC,0.13611111,0.70375375,en,3.70000000,,-1,,,,,,
Gulmarg,Gulmarg,GPE,0.27759009,0.46340090,en,3.70000000,,-1,,,,,,
PARIS,PARIS,GPE,-0.04369369,0.12387387,en,3.70000000,,-1,,,,,,
Juneau,Juneau,GPE,-0.02702703,0.26126126,en,3.70000000,,-1,,,,,,
Boston,Boston,GPE,0.06848212,0.47006552,en,3.70000000,4007840-1,4930956,X,42.35833300,-71.05972200,NORTH-AMERICA,United States,ENA
Nepal,Nepal,GPE,0.31091270,1.00603175,en,3.50000000,4041612-4,1282988,X,28.00000000,84.00000000,ASIA,Nepal,TIB
Pa.,Pa.,GPE,0.07142857,0.13809524,en,3.50000000,,-1,,,,,,
Oregon,Oregon,GPE,0.33823529,0.68382353,en,3.40000000,4043760-7,5744337,X,44.29999900,-120.50139000,NORTH-AMERICA,United States,WNA
South-Central,South-Central,LOC,0.24242424,0.33333333,en,3.30000000,,-1,,,,,,
HAGUE,HAGUE,GPE,-0.10479798,0.41540404,en,3.30000000,,-1,,,,,,
N.Y.,N.Y.,GPE,0.13257576,0.28219697,en,3.20000000,,-1,,,,,,
Norway,Norway,GPE,0.35215054,0.53225806,en,3.10000000,4042640-3,3144096,X,62.00000000,10.00000000,EUROPE,Norway,NEU
Oklahoma State,Oklahoma State,GPE,0.04838710,0.30645161,en,3.10000000,,-1,,,,,,
Salt Lake City,Salt Lake City,GPE,-0.09498208,0.34946237,en,3.10000000,,-1,,,,,,
Alabama,Alabama,GPE,-0.14444444,0.88148148,en,3.00000000,4084839-5,4829764,X,32.75041000,-86.75025900,NORTH-AMERICA,United States,ENA
Delhi,Delhi,GPE,0.30000000,0.38333333,en,3.00000000,4011371-1,1273294,X,28.65381000,77.22897000,ASIA,India,SAS
the West Coast,the West Coast,LOC,-0.02685185,0.33518519,en,3.00000000,,-1,,,,,,
Binghamton,Binghamton,GPE,0.08928571,0.28273810,en,2.80000000,,-1,,,,,,
the Hudson Valley,the Hudson Valley,LOC,0.01948052,0.35422078,en,2.80000000,,-1,,,,,,
Srinagar,Srinagar,GPE,0.26785714,0.46428571,en,2.80000000,,-1,,,,,,
Northern Kentucky,Northern Kentucky,LOC,0.40178571,0.44642857,en,2.80000000,,-1,,,,,,
Greater Cincinnati,Greater Cincinnati,GPE,0.40178571,0.44642857,en,2.80000000,,-1,,,,,,
Ioannina,Ioannina,GPE,0.11904762,0.20714286,en,2.80000000,4197925-4,261779,X,39.66749900,20.85082900,EUROPE-AFRICA,Greece,MED
Venezuela,Venezuela,GPE,0.25000000,0.21428571,en,2.80000000,4062512-6,3625428,X,8.00000000,-66.00000000,SOUTH-AMERICA,Venezuela,NSA
Mo.,Mo.,GPE,-0.17976190,0.42976190,en,2.80000000,,-1,,,,,,
GRAND RAPIDS,GRAND RAPIDS,GPE,0.23416306,0.68080808,en,2.80000000,,-1,,,,,,
New Mexico,New Mexico,GPE,0.11969697,0.42359307,en,2.80000000,4042006-1,5481136,X,34.50034000,-106.49999900,NORTH-AMERICA,United States,WNA
San Diego County,San Diego County,GPE,0.24350649,0.30318491,en,2.80000000,,-1,,,,,,
Kirkwall,Kirkwall,GPE,0.35714286,0.35714286,en,2.80000000,4230564-0,2645198,X,58.98478900,-2.95873000,EUROPE,United Kingdom,NEU
Moscow,Moscow,GPE,0.17662338,0.31969697,en,2.80000000,4074987-3,524901,X,55.75222200,37.61555500,EUROPE,Russia,WCE
East Tennessee,East Tennessee,GPE,0.07142857,0.71428571,en,2.80000000,,-1,,,,,,
Croatia,Croatia,GPE,-0.13265306,0.40306122,en,2.80000000,4073841-3,3202326,X,45.16667000,15.50000000,EUROPE,Croatia,WCE
Cavan,Cavan,GPE,0.03571429,0.10714286,en,2.80000000,4451192-9,2965535,X,53.99083300,-7.36055500,EUROPE,Ireland,NEU
Donegal,Donegal,GPE,0.03571429,0.10714286,en,2.80000000,,-1,,,,,,
the Mid-Atlantic,the Mid-Atlantic,LOC,0.20833333,0.51190476,en,2.80000000,,-1,,,,,,
Attleboro,Attleboro,GPE,0.26785714,0.35714286,en,2.80000000,,-1,,,,,,
Leitrim,Leitrim,GPE,0.03571429,0.07142857,en,2.80000000,,-1,,,,,,
Sligo,Sligo,GPE,0.03571429,0.07142857,en,2.80000000,4251772-2,2961423,X,54.26968900,-8.46942900,EUROPE,Ireland,NEU
Helena,Helena,GPE,0.04761905,0.25000000,en,2.80000000,,-1,,,,,,
Vernon,Vernon,GPE,-0.23214286,0.48214286,en,2.80000000,,-1,,,,,,
Rochester,Rochester,GPE,0.14448052,0.68993506,en,2.80000000,,-1,,,,,,
Hawaii Island,Hawaii Island,LOC,-0.42857143,0.64285714,en,2.80000000,,-1,,,,,,
East Coast,East Coast,LOC,-0.45408163,0.75510204,en,2.80000000,,-1,,,,,,
Bloomington,Bloomington,GPE,0.02678571,0.15476190,en,2.80000000,,-1,,,,,,
Picton,Picton,GPE,-0.08928571,0.26785714,en,2.80000000,,-1,,,,,,
United States,United States,GPE,-0.19918831,0.63068182,en,2.80000000,,-1,,,,,,
East,East,LOC,0.06006494,0.11688312,en,2.80000000,,-1,,,,,,
Québec,Québec,GPE,-0.02171266,0.44473755,en,2.80000000,4103473-9,6325494,X,46.81222200,-71.21444400,NORTH-AMERICA,Canada,ENA
Pittsburgh,Pittsburgh,GPE,-0.01731602,0.31331169,en,2.80000000,,-1,,,,,,
Mount Fuji,Mount Fuji,LOC,0.02380952,0.24404762,en,2.80000000,,-1,,,,,,
finland,finland,GPE,0.00000000,0.17460317,en,2.80000000,,-1,,,,,,
Central Park,Central Park,LOC,0.25177369,0.44693963,en,2.80000000,,-1,,,,,,
Napanee,Napanee,GPE,-0.08928571,0.26785714,en,2.80000000,,-1,,,,,,
B.C,B.C,GPE,-0.03660714,0.36696429,en,2.80000000,,-1,,,,,,
West Lafayette,West Lafayette,GPE,-0.00892857,0.66964286,en,2.80000000,,-1,,,,,,
Mid-Atlantic,Mid-Atlantic,LOC,-0.07142857,0.07142857,en,2.80000000,,-1,,,,,,
Utica,Utica,GPE,-0.03571429,0.62087912,en,2.80000000,,-1,,,,,,
Uzbekistan,Uzbekistan,GPE,0.16483516,0.32967033,en,2.60000000,4062199-6,1512440,X,41.70754000,63.84911000,ASIA,Uzbekistan,WCA
Mississippi,Mississippi,GPE,-0.00444444,0.46000000,en,2.50000000,,-1,,,,,,
Minneapolis,Minneapolis,GPE,0.10533333,0.56000000,en,2.50000000,,-1,,,,,,
THE HAGUE,THE HAGUE,GPE,-0.20833333,0.33333333,en,2.40000000,,-1,,,,,,
Aspen,Aspen,GPE,0.00000000,0.00000000,en,2.40000000,,-1,,,,,,
South Korea,South Korea,GPE,0.17171717,0.10479798,en,2.40000000,4078029-6,1835841,X,37.00000000,127.50000000,ASIA,South Korea,EAS
Lewis County,Lewis County,GPE,0.00000000,0.00000000,en,2.40000000,,-1,,,,,,
Jordaan,Jordaan,GPE,0.00000000,0.00000000,en,2.40000000,,-1,,,,,,
Nova Scotia,Nova Scotia,GPE,-0.18181818,0.36363636,en,2.20000000,4042713-4,6091530,X,45.49999900,-62.99864900,NORTH-AMERICA,Canada,ENA
HOKKAIDO,HOKKAIDO,GPE,-0.15909091,0.45959596,en,2.20000000,,-1,,,,,,
BOSTON,BOSTON,GPE,0.46583530,0.67318477,en,2.20000000,,-1,,,,,,
CALGARY,CALGARY,GPE,0.36507937,1.22222222,en,2.10000000,,-1,,,,,,
Northern,Northern,LOC,-0.12500000,0.25000000,en,2.00000000,,-1,,,,,,
Tibet,Tibet,GPE,-0.00416667,0.36875000,en,2.00000000,,-1,,,,,,
the Coachella Valley,the Coachella Valley,LOC,-0.40000000,0.80000000,en,2.00000000,,-1,,,,,,
Nebraska,Nebraska,GPE,0.00000000,0.25000000,en,2.00000000,4117792-7,5073708,X,41.50027900,-99.75066900,NORTH-AMERICA,United States,CNA
Ont.,Ont.,GPE,0.56203008,1.40538847,en,1.90000000,,-1,,,,,,
Santa,Santa,GPE,1.32894737,1.68640351,en,1.90000000,,-1,,,,,,
Pathibhara,Pathibhara,GPE,0.26315789,0.35087719,en,1.90000000,,-1,,,,,,
the Pacific Northw,the Pacific Northw,LOC,-0.03333333,0.47807018,en,1.90000000,,-1,,,,,,
Inverness,Inverness,GPE,0.33333333,0.44444444,en,1.90000000,4552036-7,2646088,X,57.47908000,-4.22398000,EUROPE,United Kingdom,NEU
Pamplona,Pamplona,GPE,0.00000000,0.00000000,en,1.90000000,4115835-0,3114472,X,42.81687000,-1.64323000,EUROPE-AFRICA,Spain,MED
Greater Tokyo,Greater Tokyo,GPE,0.14724311,0.48182957,en,1.90000000,,-1,,,,,,
ZAGREB,ZAGREB,GPE,-0.09022556,0.33082707,en,1.90000000,,-1,,,,,,
Crawford,Crawford,GPE,0.00000000,0.00000000,en,1.90000000,,-1,,,,,,
Tri-State,Tri-State,GPE,0.13825758,0.47657496,en,1.90000000,,-1,,,,,,
Bundesliga,Bundesliga,GPE,-0.05701754,0.22368421,en,1.90000000,,-1,,,,,,
Metro Denver,Metro Denver,GPE,0.03947368,0.19298246,en,1.90000000,,-1,,,,,,
Central,Central,LOC,0.14191729,0.59304511,en,1.90000000,,-1,,,,,,
BERLIN,BERLIN,GPE,0.05298402,0.35103383,en,1.90000000,,-1,,,,,,
Minami Ward,Minami Ward,GPE,0.11842105,0.26315789,en,1.90000000,,-1,,,,,,
Eugene-Springfield,Eugene-Springfield,GPE,0.00000000,0.17543860,en,1.90000000,,-1,,,,,,
Hamilton County,Hamilton County,GPE,-0.73684211,0.21052632,en,1.90000000,,-1,,,,,,
Monaghan,Monaghan,GPE,0.05263158,0.15789474,en,1.90000000,4660452-2,2962568,X,54.25000000,-6.96666900,EUROPE,Ireland,NEU
Gothenburg,Gothenburg,GPE,-0.63157895,0.78947368,en,1.90000000,4021453-9,2711537,X,57.70716000,11.96678900,EUROPE,Sweden,NEU
Patagonia,Patagonia,GPE,0.21052632,0.36842105,en,1.90000000,,-1,,,,,,
Grand Junction,Grand Junction,GPE,0.73684211,1.05263158,en,1.90000000,,-1,,,,,,
Fort St. John,Fort St. John,GPE,0.00000000,0.00000000,en,1.90000000,,-1,,,,,,
Mount Zao,Mount Zao,GPE,0.17105263,0.46381579,en,1.90000000,,-1,,,,,,
Yellowstone Lake,Yellowstone Lake,LOC,-0.07894737,0.37061404,en,1.90000000,,-1,,,,,,
Union,Union,GPE,0.01535088,0.42324561,en,1.90000000,,-1,,,,,,
the Union Territory,the Union Territory,GPE,0.19298246,0.38596491,en,1.90000000,,-1,,,,,,
Cambridgeshire,Cambridgeshire,GPE,0.00000000,0.00000000,en,1.90000000,,-1,,,,,,
Indonesia,Indonesia,GPE,0.10526316,0.36842105,en,1.90000000,4026761-1,1643084,X,-5.00000000,120.00000000,ASIA,Indonesia,SEA
Hawaii,Hawaii,GPE,0.01023392,0.21783626,en,1.90000000,4023877-5,5855797,X,20.75028000,-156.50028000,PACIFIC,,NPO
Columbus City Schools,Columbus City Schools,GPE,0.00000000,0.26315789,en,1.90000000,,-1,,,,,,
Big Island,Big Island,LOC,0.01023392,0.21783626,en,1.90000000,,-1,,,,,,
Tasmania,Tasmania,GPE,0.04135338,0.23684211,en,1.90000000,,-1,,,,,,
midwest,midwest,LOC,0.41374269,0.72076023,en,1.90000000,,-1,,,,,,
Honolulu,Honolulu,GPE,0.01023392,0.21783626,en,1.90000000,,-1,,,,,,
the North East,the North East,LOC,0.03887560,0.33791866,en,1.90000000,,-1,,,,,,
the north east,the north east,LOC,0.02631579,0.21052632,en,1.90000000,,-1,,,,,,
Helsinki,Helsinki,GPE,0.13157895,0.33991228,en,1.90000000,4024351-5,658225,X,60.16951900,24.93544900,EUROPE,Finland,NEU
Pokhara,Pokhara,GPE,-0.02192982,0.38157895,en,1.90000000,4046492-1,1282898,X,28.26689000,83.96850900,ASIA,Nepal,TIB
Saudi Arabia's,Saudi Arabia's,GPE,-0.08223684,0.26918860,en,1.90000000,,-1,,,,,,
the Atacama plains,the Atacama plains,LOC,-0.25438596,0.53801170,en,1.90000000,,-1,,,,,,
Israel,Israel,GPE,-0.12081340,0.42623604,en,1.90000000,4027808-6,294640,X,31.50000000,34.75000000,EUROPE-AFRICA,Israel,MED
Ithaca,Ithaca,GPE,-0.05263158,0.38866397,en,1.90000000,,-1,,,,,,
Delaware,Delaware,GPE,0.00000000,0.00000000,en,1.90000000,4085407-3,4142224,X,39.90000000,-75.49992000,NORTH-AMERICA,United States,ENA
Albuquerque,Albuquerque,GPE,0.42105263,0.54736842,en,1.90000000,,-1,,,,,,
N.C.,N.C.,GPE,0.26315789,0.31578947,en,1.90000000,,-1,,,,,,
the Southern Carpathians,the Southern Carpathians,LOC,0.06578947,0.31578947,en,1.90000000,,-1,,,,,,
Easter Island,Easter Island,GPE,0.08684211,0.61052632,en,1.90000000,,-1,,,,,,
D.C.,D.C.,GPE,0.00219298,0.37719298,en,1.90000000,,-1,,,,,,
Kolydas,Kolydas,GPE,-0.22327340,0.79394423,en,1.90000000,,-1,,,,,,
La Broquerie,La Broquerie,GPE,0.00000000,0.05263158,en,1.90000000,,-1,,,,,,
The Mohawk Valley,The Mohawk Valley,LOC,0.00000000,0.00000000,en,1.90000000,,-1,,,,,,
KANSAS CITY,KANSAS CITY,GPE,-0.05438596,0.18596491,en,1.90000000,,-1,,,,,,
Maryland,Maryland,GPE,0.00000000,0.52631579,en,1.90000000,4037776-3,4361885,X,39.90000000,-76.74997000,NORTH-AMERICA,United States,ENA
Salisbury,Salisbury,GPE,0.00000000,0.00000000,en,1.90000000,4118286-8,2638664,X,51.06931000,-1.79569000,EUROPE,United Kingdom,NEU
The United States,The United States,GPE,-0.10315789,0.29263158,en,1.90000000,,-1,,,,,,
West,West,LOC,-0.02631579,0.15789474,en,1.90000000,,-1,,,,,,
the Upper Midwest,the Upper Midwest,LOC,0.25986842,0.49342105,en,1.90000000,,-1,,,,,,
Mauna Kea,Mauna Kea,LOC,-0.10526316,0.26315789,en,1.90000000,,-1,,,,,,
CUMBERLAND COUNTY,CUMBERLAND COUNTY,GPE,0.13157895,0.17543860,en,1.90000000,,-1,,,,,,
Fort,Fort,GPE,-0.10526316,0.26315789,en,1.90000000,,-1,,,,,,
Tiruvallur,Tiruvallur,GPE,-0.07017544,0.17543860,en,1.90000000,,-1,,,,,,
Ranipet,Ranipet,GPE,-0.07017544,0.17543860,en,1.90000000,,-1,,,,,,
Tirupattur,Tirupattur,GPE,-0.07017544,0.17543860,en,1.90000000,,-1,,,,,,
Villupuram,Villupuram,GPE,-0.07017544,0.17543860,en,1.90000000,,-1,,,,,,
Puducherry,Puducherry,GPE,-0.07017544,0.17543860,en,1.90000000,16023115-2,1259425,X,11.93380900,79.82979000,ASIA,India,SAS
PORTLAND,PORTLAND,GPE,0.17214912,0.45321637,en,1.90000000,,-1,,,,,,
Labrador,Labrador,GPE,0.04736842,0.32105263,en,1.90000000,,-1,,,,,,
Middletown,Middletown,GPE,-0.05263158,0.38866397,en,1.90000000,,-1,,,,,,
Topeka,Topeka,GPE,0.13157895,0.17543860,en,1.90000000,,-1,,,,,,
Albany,Albany,GPE,0.14978735,0.52631579,en,1.90000000,,-1,,,,,,
Calif.,Calif.,GPE,0.04315789,0.60245614,en,1.90000000,,-1,,,,,,
Victoria,Victoria,GPE,0.01515152,0.52631579,en,1.90000000,,-1,,,,,,
British Columbia,British Columbia,GPE,0.01515152,0.52631579,en,1.90000000,4069670-4,5909050,X,53.99983000,-125.00320000,NORTH-AMERICA,Canada,NWN
Muskegon,Muskegon,GPE,0.28899522,0.61244019,en,1.90000000,,-1,,,,,,
Mauna Loa,Mauna Loa,LOC,-0.10526316,0.26315789,en,1.90000000,,-1,,,,,,
Jomsom,Jomsom,GPE,-0.02192982,0.38157895,en,1.90000000,,-1,,,,,,
Evansville,Evansville,GPE,0.00000000,1.05263158,en,1.90000000,,-1,,,,,,
Franklin,Franklin,GPE,0.00000000,0.00000000,en,1.90000000,,-1,,,,,,
Clarenville,Clarenville,GPE,0.00000000,0.06578947,en,1.90000000,,-1,,,,,,
Hudson Valley,Hudson Valley,LOC,-0.11064593,0.51545823,en,1.90000000,,-1,,,,,,
Scandinavia,Scandinavia,LOC,-0.08243824,0.35284640,en,1.90000000,,-1,,,,,,
Co Donegal,Co Donegal,GPE,-0.04385965,0.23684211,en,1.90000000,,-1,,,,,,
Kullu,Kullu,GPE,0.35789474,0.69473684,en,1.90000000,4402577-4,1265709,X,31.95635000,77.11036000,ASIA,India,TIB
Chamba,Chamba,GPE,0.35789474,0.69473684,en,1.90000000,4214010-9,1274848,X,32.55579900,76.12591900,ASIA,India,TIB
Rhode Island,Rhode Island,GPE,0.02631579,0.23684211,en,1.90000000,4403742-9,5224323,X,41.75027700,-71.49972200,NORTH-AMERICA,United States,ENA
Connacht,Connacht,LOC,-0.05263158,0.26315789,en,1.90000000,4755231-1,7521313,X,53.86999900,-8.63333000,EUROPE,Ireland,NEU
Illini,Illini,GPE,0.05263158,0.10526316,en,1.90000000,,-1,,,,,,
CHAMPAIGN,CHAMPAIGN,GPE,0.00000000,0.00000000,en,1.90000000,,-1,,,,,,
Erie County,Erie County,GPE,0.05263158,0.19298246,en,1.90000000,,-1,,,,,,
Ill.,Ill.,GPE,0.00000000,0.00000000,en,1.90000000,,-1,,,,,,
San Francisco,San Francisco,GPE,-0.25438596,0.44736842,en,1.90000000,,-1,,,,,,
Atacama,Atacama,GPE,0.05555556,0.52339181,en,1.90000000,4003346-6,3899194,X,-28.51584000,-71.99999900,SOUTH-AMERICA,,SWS
N.H.,N.H.,GPE,-0.24401914,0.76555024,en,1.90000000,,-1,,,,,,
US Gulf,US Gulf,LOC,-0.05741627,0.72089314,en,1.90000000,,-1,,,,,,
MANCHESTER,MANCHESTER,GPE,-0.24401914,0.76555024,en,1.90000000,,-1,,,,,,
Baltic Sea,Baltic Sea,LOC,0.22966507,0.76555024,en,1.90000000,,-1,,,,,,
Eastern Ontario,Eastern Ontario,LOC,0.27736007,0.45781119,en,1.90000000,,-1,,,,,,
Tallinn,Tallinn,GPE,0.22966507,0.76555024,en,1.90000000,5093293-7,588409,X,59.43694400,24.75333300,EUROPE,Estonia,NEU
Estonia,Estonia,GPE,0.18660287,0.62200957,en,1.90000000,4015587-0,453733,X,59.00000000,26.00000000,EUROPE,Estonia,NEU
Chile,Chile,GPE,0.00000000,0.13157895,en,1.90000000,4009929-5,3895114,X,-30.00000000,-71.00000000,SOUTH-AMERICA,Chile,SWS
Goretti,Goretti,GPE,-0.05263158,0.78947368,en,1.90000000,,-1,,,,,,
Lake Superior,Lake Superior,LOC,0.57894737,0.73026316,en,1.90000000,,-1,,,,,,
New Zealand,New Zealand,GPE,0.18096377,0.50546822,en,1.90000000,,-1,,,,,,
Mount Hermon,Mount Hermon,LOC,-0.04824561,0.53728070,en,1.90000000,,-1,,,,,,
northern Manitoba,northern Manitoba,LOC,-0.01973684,0.47368421,en,1.90000000,,-1,,,,,,
U.S,U.S,GPE,-0.26900585,0.71052632,en,1.90000000,,-1,,,,,,
London,London,GPE,0.10150376,0.15538847,en,1.90000000,4074335-4,2643743,X,51.50853000,-0.12574000,EUROPE,United Kingdom,NEU
York,York,GPE,0.30701754,0.87719298,en,1.90000000,4067205-0,2633352,X,53.95750000,-1.08277700,EUROPE,United Kingdom,NEU
TOKYO,TOKYO,GPE,0.03508772,0.25730994,en,1.90000000,,-1,,,,,,
Hobart,Hobart,LOC,0.84210526,1.05263158,en,1.90000000,,-1,,,,,,
The National Oceanic,The National Oceanic,LOC,0.13157895,0.23684211,en,1.90000000,,-1,,,,,,
Hong Kong,Hong Kong,GPE,0.48245614,0.56140351,en,1.90000000,4025822-1,1819730,X,22.25000000,114.16666600,ASIA,Hong Kong,EAS
Pacific Ocean,Pacific Ocean,LOC,0.21650718,0.50239234,en,1.90000000,,-1,,,,,,
Austria,Austria,GPE,0.36842105,0.26315789,en,1.90000000,,-1,,,,,,
Broome County,Broome County,GPE,0.08771930,0.23976608,en,1.90000000,,-1,,,,,,
Mount Charleston,Mount Charleston,GPE,0.17543860,0.26900585,en,1.90000000,,-1,,,,,,
Metro Vancouver,Metro Vancouver,GPE,0.08991228,0.55921053,en,1.90000000,,-1,,,,,,
Vancouver Island,Vancouver Island,GPE,0.04385965,0.19736842,en,1.90000000,,-1,,,,,,
the Northern Plains,the Northern Plains,LOC,0.50655209,0.81611171,en,1.90000000,,-1,,,,,,
Lake Michigan,Lake Michigan,LOC,0.00000000,0.00000000,en,1.90000000,,-1,,,,,,
Northeast California,Northeast California,LOC,-0.04385965,0.58771930,en,1.90000000,,-1,,,,,,
Alps,Alps,GPE,0.00000000,0.05263158,en,1.90000000,,-1,,,,,,
Ulster,Ulster,GPE,-0.05555556,0.22222222,en,1.80000000,4078510-5,7521316,X,54.36110900,-7.41666900,EUROPE,United Kingdom,NEU
TORONTO,TORONTO,GPE,0.45016340,1.21591970,en,1.70000000,,-1,,,,,,
Oklahoma,Oklahoma,GPE,0.14705882,0.26470588,en,1.70000000,4102053-4,4544379,X,35.49208900,-97.50328000,NORTH-AMERICA,United States,CNA
the Gulf of Finland,the Gulf of Finland,LOC,0.19670232,0.70686275,en,1.70000000,,-1,,,,,,
uninhabited island,uninhabited island,LOC,0.19670232,0.70686275,en,1.70000000,,-1,,,,,,
GREEN BAY,GREEN BAY,LOC,0.00000000,0.22222222,en,1.70000000,,-1,,,,,,
DES MOINES,DES MOINES,GPE,0.00000000,0.00000000,en,1.70000000,,-1,,,,,,
Bozeman,Bozeman,GPE,0.24411765,0.80000000,en,1.70000000,,-1,,,,,,
MT,MT,GPE,0.24411765,0.80000000,en,1.70000000,,-1,,,,,,
Brussels,Brussels,GPE,0.17383658,0.40426853,en,1.70000000,4008460-7,2800866,X,50.85027700,4.34861100,EUROPE,Belgium,WCE
Shenyang,Shenyang,GPE,0.36078431,0.43921569,en,1.70000000,4256791-9,2034937,X,41.79222000,123.43277900,ASIA,China,EAS
PEORIA,PEORIA,GPE,0.38235294,0.55882353,en,1.70000000,,-1,,,,,,
Mumbai,Mumbai,GPE,-0.15767974,0.33905229,en,1.70000000,10013721-0,1275339,X,19.07277700,72.88250000,ASIA,India,SAS
the British Isles,the British Isles,GPE,-0.02450980,0.07352941,en,1.70000000,,-1,,,,,,
the United Kingdom,the United Kingdom,GPE,-0.02450980,0.07352941,en,1.70000000,,-1,,,,,,
ISTANBUL,ISTANBUL,GPE,0.03524955,0.35213904,en,1.70000000,,-1,,,,,,
El Paso,El Paso,GPE,-0.18333333,0.99313725,en,1.70000000,,-1,,,,,,
Appleton,Appleton,GPE,0.27343750,0.93750000,en,1.60000000,,-1,,,,,,
Hokkaido,Hokkaido,GPE,-0.17500000,0.30000000,en,1.60000000,,-1,,,,,,
Bucharest,Bucharest,GPE,0.27083333,0.45833333,en,1.60000000,4008858-3,683506,X,44.43225000,26.10625900,EUROPE-AFRICA,Romania,MED
Snow Joe,Snow Joe,GPE,0.08333333,0.52500000,en,1.60000000,,-1,,,,,,
Iceland,Iceland,GPE,0.12500000,0.56250000,en,1.60000000,4027754-9,2629691,X,65.00000000,-18.00000000,POLAR,Iceland,GIC
Dublin,Dublin,GPE,0.33928571,1.10714286,en,1.40000000,4013170-1,2964574,X,53.33306000,-6.24889000,EUROPE,Ireland,NEU
Asia,Asia,LOC,0.48684649,1.44730270,en,1.30000000,,-1,,,,,,
Cotswolds,Cotswolds,GPE,0.25961538,0.67307692,en,1.30000000,,-1,,,,,,
Portugal,Portugal,GPE,0.25641026,0.25641026,en,1.30000000,4046843-4,2264397,X,39.50000000,-8.00000000,EUROPE-AFRICA,Portugal,MED
Springwater,Springwater,GPE,0.09615385,0.48076923,en,1.30000000,,-1,,,,,,
Khursani Khola,Khursani Khola,LOC,-0.21346154,0.50000000,en,1.30000000,,-1,,,,,,
BUFFALO,BUFFALO,GPE,0.32634033,0.69463869,en,1.30000000,,-1,,,,,,
Australia,Australia,GPE,0.00000000,0.15384615,en,1.30000000,,-1,,,,,,
Daunne,Daunne,GPE,-0.21346154,0.50000000,en,1.30000000,,-1,,,,,,
Death Valley,Death Valley,LOC,0.00000000,0.00000000,en,1.30000000,,-1,,,,,,
Dakotas,Dakotas,GPE,0.45081585,0.61981352,en,1.30000000,,-1,,,,,,
Ladakh,Ladakh,GPE,-0.15865385,0.64423077,en,1.30000000,,-1,,,,,,
Anchorage,Anchorage,GPE,-0.22972028,0.75734266,en,1.30000000,,-1,,,,,,
Barrie,Barrie,GPE,0.57692308,1.34615385,en,1.30000000,,-1,,,,,,
New Yorks,New Yorks,GPE,0.31031469,0.81643357,en,1.30000000,,-1,,,,,,
Crossville,Crossville,GPE,0.15625000,0.45833333,en,1.20000000,,-1,,,,,,
Brooklyn,Brooklyn,GPE,0.00000000,0.00000000,en,1.20000000,,-1,,,,,,
Southern Hemispheres,Southern Hemispheres,LOC,-0.21944444,0.54583333,en,1.20000000,,-1,,,,,,
HOUSTON,HOUSTON,GPE,0.22727273,0.75757576,en,1.20000000,,-1,,,,,,
BaT,BaT,GPE,0.53409091,0.44318182,en,1.10000000,,-1,,,,,,
Beckley,Beckley,GPE,-0.13257576,0.85227273,en,1.10000000,,-1,,,,,,
TN,TN,GPE,0.00000000,0.11363636,en,1.10000000,,-1,,,,,,
Mableton,Mableton,GPE,0.38717532,1.06466450,en,1.10000000,,-1,,,,,,
Loudon,Loudon,GPE,0.00000000,0.11363636,en,1.10000000,,-1,,,,,,
Racine,Racine,GPE,0.09090909,1.18181818,en,1.10000000,,-1,,,,,,
Cobb County,Cobb County,GPE,0.38717532,1.06466450,en,1.10000000,,-1,,,,,,
Kenosha,Kenosha,GPE,0.09090909,1.18181818,en,1.10000000,,-1,,,,,,
Ga.,Ga.,GPE,0.15151515,0.45454545,en,1.10000000,,-1,,,,,,
Zohran,Zohran,GPE,0.22727273,0.30303030,en,1.10000000,,-1,,,,,,
Munich,Munich,GPE,0.90909091,0.56060606,en,1.10000000,,-1,,,,,,
Woodward Park City,Woodward Park City,GPE,0.00000000,0.00000000,en,1.10000000,,-1,,,,,,
MARKHAM,MARKHAM,GPE,0.22727273,0.86363636,en,1.10000000,,-1,,,,,,
SHANGHAI,SHANGHAI,GPE,0.13636364,0.42803030,en,1.10000000,,-1,,,,,,
the Saudi Arabia season,the Saudi Arabia season,GPE,0.72727273,1.45454545,en,1.10000000,,-1,,,,,,
Nightjet,Nightjet,GPE,0.12396694,0.41322314,en,1.10000000,,-1,,,,,,
Cleveland County,Cleveland County,GPE,0.04545455,0.86363636,en,1.10000000,,-1,,,,,,
Milan,Milan,GPE,0.95454545,1.77272727,en,1.10000000,4037100-1,3173435,X,45.46426900,9.18951000,EUROPE,Italy,WCE
Cagliari,Cagliari,GPE,0.95454545,1.77272727,en,1.10000000,4085112-6,2525473,X,39.20738000,9.13461900,EUROPE-AFRICA,Italy,MED
Sardinia,Sardinia,GPE,0.95454545,1.77272727,en,1.10000000,,-1,,,,,,
Khabarhub,Khabarhub,GPE,0.51136364,0.90909091,en,1.10000000,,-1,,,,,,
Albania,Albania,GPE,0.00000000,0.90909091,en,1.10000000,4001028-4,783754,X,41.00000000,20.00000000,EUROPE-AFRICA,Albania,MED
Hampshire,Hampshire,GPE,0.06198347,0.23691460,en,1.10000000,,-1,,,,,,
Rasam,Rasam,GPE,0.00000000,1.36363636,en,1.10000000,,-1,,,,,,
Portsmouth,Portsmouth,GPE,0.06198347,0.69146006,en,1.10000000,4046835-5,2639996,X,50.79899000,-1.09125000,EUROPE,United Kingdom,NEU
the Hudson River Valley,the Hudson River Valley,LOC,0.03249158,0.35521886,en,1.00000000,,-1,,,,,,
easte,easte,GPE,0.03249158,0.35521886,en,1.00000000,,-1,,,,,,
Gulf Islands,Gulf Islands,LOC,0.00000000,0.00000000,en,1.00000000,,-1,,,,,,
the Finger Lakes,the Finger Lakes,LOC,-0.30000000,0.53846154,en,1.00000000,,-1,,,,,,
N.J.,N.J.,GPE,0.00000000,0.00000000,en,1.00000000,,-1,,,,,,
the Pacific Ocean,the Pacific Ocean,LOC,0.00000000,0.00000000,en,1.00000000,,-1,,,,,,
Snohomish,Snohomish,GPE,0.00000000,0.00000000,en,1.00000000,,-1,,,,,,
King,King,GPE,0.00000000,0.00000000,en,1.00000000,,-1,,,,,,
Skagit,Skagit,GPE,0.00000000,0.00000000,en,1.00000000,,-1,,,,,,
Whatcom,Whatcom,GPE,0.00000000,0.00000000,en,1.00000000,,-1,,,,,,
Niseko United,Niseko United,GPE,0.35714286,0.84285714,en,1.00000000,,-1,,,,,,
Seattle,Seattle,GPE,0.00000000,0.00000000,en,1.00000000,,-1,,,,,,
Belmont Park's,Belmont Park's,GPE,-0.20000000,0.50000000,en,1.00000000,,-1,,,,,,
Arai Mountain Resort,Arai Mountain Resort,LOC,0.35714286,0.84285714,en,1.00000000,,-1,,,,,,
Frozen lake,Frozen lake,LOC,0.00000000,0.00000000,en,1.00000000,,-1,,,,,,
Çıldır Lake,Çıldır Lake,LOC,0.50000000,0.50000000,en,1.00000000,,-1,,,,,,
Çldr Lake,Çldr Lake,LOC,0.50000000,0.50000000,en,1.00000000,,-1,,,,,,
the ⁠US northeast,the ⁠US northeast,LOC,0.03905724,0.39932660,en,1.00000000,,-1,,,,,,
Poonch,Poonch,GPE,0.00000000,0.00000000,en,1.00000000,,-1,,,,,,
Puget,Puget,GPE,0.40000000,0.40000000,en,1.00000000,,-1,,,,,,
Kashmirs,Kashmirs,GPE,0.03333333,0.06666667,en,1.00000000,,-1,,,,,,
Northern Texas,Northern Texas,LOC,0.00000000,0.58750000,en,1.00000000,,-1,,,,,,
app</li,app</li,GPE,0.09166667,0.61666667,en,1.00000000,,-1,,,,,,
Boreal Mountain,Boreal Mountain,LOC,0.00000000,0.00000000,en,1.00000000,,-1,,,,,,
Cal,Cal,GPE,0.00000000,0.00000000,en,1.00000000,,-1,,,,,,
San…,San…,GPE,0.00000000,0.00000000,en,1.00000000,,-1,,,,,,
US Northeast,US Northeast,GPE,0.80000000,0.75000000,en,1.00000000,,-1,,,,,,
Yellowstone National Park,Yellowstone National Park,GPE,0.00000000,0.00000000,en,1.00000000,,-1,,,,,,
New York State of Emergency,New York State of Emergency,GPE,0.15757576,0.36969697,en,1.00000000,,-1,,,,,,
New York s,New York s,GPE,0.18434343,0.35151515,en,1.00000000,,-1,,,,,,
Wyoming,Wyoming,GPE,0.00000000,0.00000000,en,1.00000000,4067130-6,5843591,X,43.39999900,-107.50090000,NORTH-AMERICA,United States,WNA
Puget Sound,Puget Sound,GPE,0.00000000,0.00000000,en,1.00000000,,-1,,,,,,
"Yellowstone Lake
","Yellowstone Lake
",LOC,0.00000000,0.00000000,en,1.00000000,,-1,,,,,,
Bay of Exploits,Bay of Exploits,LOC,0.18750000,0.68750000,en,1.00000000,,-1,,,,,,
Burin,Burin,GPE,0.18750000,0.68750000,en,1.00000000,,-1,,,,,,
Dam Battlegrounds,Dam Battlegrounds,LOC,0.85000000,1.00000000,en,1.00000000,,-1,,,,,,
West Coast,West Coast,LOC,0.27500000,0.50000000,en,1.00000000,,-1,,,,,,
Avalon,Avalon,GPE,0.18750000,0.68750000,en,1.00000000,,-1,,,,,,
Glenorchy,Glenorchy,GPE,0.80000000,1.00000000,en,1.00000000,,-1,,,,,,
Mt,Mt,GPE,0.35714286,0.84285714,en,1.00000000,,-1,,,,,,
Susquehanna,Susquehanna,GPE,0.00000000,0.00000000,en,1.00000000,,-1,,,,,,
Icelandic,Icelandic,LOC,0.00000000,0.00000000,en,1.00000000,,-1,,,,,,
Wynnefield Heights,Wynnefield Heights,LOC,0.00000000,0.00000000,en,1.00000000,,-1,,,,,,
the Sahara Desert,the Sahara Desert,LOC,0.50000000,0.50000000,en,1.00000000,,-1,,,,,,
temperat,temperat,GPE,0.04375000,0.43750000,en,1.00000000,,-1,,,,,,
Ishikari,Ishikari,GPE,-0.08000000,0.28000000,en,1.00000000,,-1,,,,,,
North Kashmir’s,North Kashmir’s,GPE,0.00000000,0.00000000,en,1.00000000,,-1,,,,,,
Burlington,Burlington,GPE,0.00000000,0.00000000,en,1.00000000,,-1,,,,,,
LA,LA,GPE,0.08409091,0.41363636,en,1.00000000,,-1,,,,,,
Halifax,Halifax,GPE,0.00000000,0.00000000,en,1.00000000,4386277-9,2647632,X,53.71666600,-1.85000000,EUROPE,United Kingdom,NEU
Gulf,Gulf,LOC,-0.06250000,0.38750000,en,1.00000000,,-1,,,,,,
SALT LAKE CITY,SALT LAKE CITY,GPE,0.05000000,0.30000000,en,1.00000000,,-1,,,,,,
Al-Jawf,Al-Jawf,GPE,-0.05625000,0.35312500,en,1.00000000,,-1,,,,,,
British Columbia's,British Columbia's,GPE,0.00000000,0.00000000,en,1.00000000,,-1,,,,,,
Kingdom,Kingdom,GPE,0.00000000,0.00000000,en,1.00000000,,-1,,,,,,
the Southern Hemisphere,the Southern Hemisphere,LOC,0.23333333,0.48333333,en,1.00000000,,-1,,,,,,
New York State,New York State,GPE,0.10883838,0.34242424,en,1.00000000,,-1,,,,,,
ar,ar,GPE,-0.60000000,1.00000000,en,1.00000000,,-1,,,,,,
Pakistan,Pakistan,GPE,0.00000000,0.00000000,en,1.00000000,4075812-6,1168579,X,30.00000000,70.00000000,ASIA,Pakistan,WCA
Wisco,Wisco,GPE,-0.16666667,0.50000000,en,1.00000000,,-1,,,,,,
The Atacama Desert,The Atacama Desert,LOC,0.36666667,0.75000000,en,1.00000000,,-1,,,,,,
Lower Mainland,Lower Mainland,GPE,0.00000000,0.00000000,en,1.00000000,,-1,,,,,,
Northern Manitoba,Northern Manitoba,LOC,-0.60000000,1.00000000,en,1.00000000,,-1,,,,,,
Algeria,Algeria,GPE,0.00000000,0.00000000,en,1.00000000,4001179-3,2589581,X,28.00000000,3.00000000,AFRICA,Algeria,SAH
Valley,Valley,LOC,0.27500000,0.50000000,en,1.00000000,,-1,,,,,,
colonizat,colonizat,GPE,0.00000000,0.00000000,en,1.00000000,,-1,,,,,,
expe,expe,GPE,0.00000000,0.00000000,en,1.00000000,,-1,,,,,,
Oakland,Oakland,GPE,0.00000000,0.00000000,en,1.00000000,,-1,,,,,,
The Northern Hemisphere,The Northern Hemisphere,LOC,0.23333333,0.48333333,en,1.00000000,,-1,,,,,,
ofbo,ofbo,GPE,0.24000000,0.66000000,en,1.00000000,,-1,,,,,,
Western Slope,Western Slope,LOC,0.00000000,0.00000000,en,1.00000000,,-1,,,,,,
Tamil Nadu,Tamil Nadu,GPE,0.29452381,1.32595238,en,1.00000000,4078142-2,1255053,X,11.00000000,78.00000000,ASIA,India,SAS
Sandy Bay,Sandy Bay,LOC,0.80000000,1.00000000,en,1.00000000,,-1,,,,,,
New York City Airports,New York City Airports,GPE,0.13636364,0.45454545,en,1.00000000,,-1,,,,,,
Kanyakumari,Kanyakumari,GPE,0.29452381,1.32595238,en,1.00000000,4481941-9,1268008,X,8.09008000,77.53840900,ASIA,India,SAS
Chengalpattu,Chengalpattu,GPE,0.20285714,0.73428571,en,1.00000000,,-1,,,,,,
Louvre,Louvre,GPE,0.00000000,0.00000000,en,1.00000000,,-1,,,,,,
Thiruvallur,Thiruvallur,GPE,0.20285714,0.73428571,en,1.00000000,,-1,,,,,,
Thoothukkudi,Thoothukkudi,GPE,0.20285714,0.73428571,en,1.00000000,,-1,,,,,,
New York's,New York's,GPE,0.08977273,0.44090909,en,1.00000000,,-1,,,,,,
South-Central Pa,South-Central Pa,LOC,0.00000000,0.00000000,en,1.00000000,,-1,,,,,,
Eastern Pennsylvania,Eastern Pennsylvania,LOC,-0.15454545,0.45151515,en,1.00000000,,-1,,,,,,
Tenkasi,Tenkasi,GPE,0.20285714,0.73428571,en,1.00000000,,-1,,,,,,
Stockholm,Stockholm,GPE,0.16818182,0.32727273,en,1.00000000,4057648-6,2673730,X,59.33258000,18.06490000,EUROPE,,NEU
Malmo,Malmo,GPE,0.16818182,0.32727273,en,1.00000000,,-1,,,,,,
Melghat,Melghat,GPE,-0.11250000,0.28750000,en,1.00000000,,-1,,,,,,
the Northern Hemisphere,the Northern Hemisphere,LOC,0.07777778,0.58888889,en,1.00000000,,-1,,,,,,
Terai,Terai,GPE,0.00000000,0.00000000,en,1.00000000,,-1,,,,,,
Shetland,Shetland,GPE,0.00000000,0.00000000,en,1.00000000,,-1,,,,,,
KHON2,KHON2,GPE,-0.60000000,0.90000000,en,1.00000000,,-1,,,,,,
HONOLULU,HONOLULU,GPE,-0.60000000,0.90000000,en,1.00000000,,-1,,,,,,
Rome,Rome,GPE,0.50000000,1.00000000,en,1.00000000,,-1,,,,,,
Huntly,Huntly,GPE,-0.00000000,0.36666667,en,1.00000000,,-1,,,,,,
North Shore,North Shore,LOC,0.08750000,0.68750000,en,1.00000000,,-1,,,,,,
Southern Sweden,Southern Sweden,LOC,-0.10000000,0.25000000,en,1.00000000,,-1,,,,,,
New York County Goes Big To Dig Out,New York County Goes Big To Dig Out,GPE,0.06818182,0.27727273,en,1.00000000,,-1,,,,,,
Las Vegas,Las Vegas,GPE,0.04166667,0.25000000,en,1.00000000,,-1,,,,,,
LAS VEGAS,LAS VEGAS,GPE,0.16666667,0.25555556,en,1.00000000,,-1,,,,,,
Monday Ireland,Monday Ireland,GPE,-0.03125000,0.16875000,en,1.00000000,,-1,,,,,,
Phanerozoic,Phanerozoic,GPE,0.00000000,0.00000000,en,1.00000000,,-1,,,,,,
midlands,midlands,GPE,-0.07500000,0.38333333,en,1.00000000,,-1,,,,,,
North Queensland,North Queensland,GPE,0.00000000,0.00000000,en,1.00000000,,-1,,,,,,
Devon,Devon,GPE,0.40000000,0.70000000,en,1.00000000,4070441-5,2651292,X,50.75000000,-3.75000000,EUROPE,United Kingdom,NEU
the South West,the South West,LOC,0.40000000,0.70000000,en,1.00000000,,-1,,,,,,
Peterborough United,Peterborough United,GPE,-0.35833333,0.48333333,en,1.00000000,,-1,,,,,,
Lincoln City,Lincoln City,GPE,-0.35833333,0.48333333,en,1.00000000,,-1,,,,,,
Peterborough,Peterborough,GPE,-0.23750000,0.22500000,en,1.00000000,4115916-0,2640354,X,52.57363900,-0.24777000,EUROPE,United Kingdom,NEU
Belfast,Belfast,GPE,0.31818182,0.47727273,en,1.00000000,4080332-6,2655984,X,54.58332900,-5.93332900,EUROPE,United Kingdom,NEU
Aboyne,Aboyne,GPE,-0.20000000,0.50000000,en,1.00000000,4084650-7,2657775,X,57.07545900,-2.78023000,EUROPE,United Kingdom,NEU
Kinross,Kinross,GPE,0.00000000,0.00000000,en,1.00000000,4391199-7,2645365,X,56.20465900,-3.42138000,EUROPE,United Kingdom,NEU
Perth,Perth,GPE,0.00000000,0.00000000,en,1.00000000,,-1,,,,,,
Highland,Highland,LOC,0.00000000,0.00000000,en,1.00000000,,-1,,,,,,
Munster,Munster,GPE,0.00000000,0.10000000,en,1.00000000,,-1,,,,,,
throughou,throughou,GPE,0.12727273,0.51090909,en,1.00000000,,-1,,,,,,
Spain,Spain,GPE,0.00000000,0.00000000,en,1.00000000,4055964-6,2510769,X,40.00000000,-4.00000000,EUROPE-AFRICA,Spain,MED
North America's,North America's,LOC,0.80000000,0.75000000,en,1.00000000,,-1,,,,,,
SCHIPHOL,SCHIPHOL,GPE,0.13333333,0.20000000,en,1.00000000,,-1,,,,,,
West Midlands,West Midlands,GPE,-0.05000000,0.65000000,en,1.00000000,,-1,,,,,,
Hamburg Germany,Hamburg Germany,GPE,0.00000000,0.00000000,en,1.00000000,,-1,,,,,,
Bremen,Bremen,GPE,0.00000000,0.00000000,en,1.00000000,4008135-7,2944387,X,53.08332900,8.83333000,EUROPE,Germany,NEU
Hebei,Hebei,GPE,-0.20000000,0.85000000,en,1.00000000,,-1,,,,,,
⁠northern Europe,⁠northern Europe,LOC,-0.20000000,0.50000000,en,1.00000000,,-1,,,,,,
Arta,Arta,GPE,0.20000000,0.20000000,en,1.00000000,4221538-9,264559,X,39.16055900,20.98527900,EUROPE-AFRICA,Greece,MED
Hanover,Hanover,GPE,0.00000000,0.00000000,en,1.00000000,4023349-2,2910831,X,52.37027700,9.73305500,EUROPE,Germany,WCE
Powderhorn Mountain Resort,Powderhorn Mountain Resort,LOC,0.15000000,0.25000000,en,1.00000000,,-1,,,,,,
Chadar River,Chadar River,LOC,0.00000000,0.00000000,en,1.00000000,,-1,,,,,,
the Frozen Chadar River,the Frozen Chadar River,LOC,0.00000000,0.00000000,en,1.00000000,,-1,,,,,,
Everest,Everest,LOC,0.00000000,0.00000000,en,1.00000000,,-1,,,,,,
Mount Everest,Mount Everest,LOC,-0.02500000,0.28750000,en,1.00000000,,-1,,,,,,
Cedar Creek Gardens,Cedar Creek Gardens,LOC,1.00000000,1.12500000,en,1.00000000,,-1,,,,,,
Jakarta,Jakarta,GPE,0.20000000,0.70000000,en,1.00000000,4012546-4,1642911,X,-6.21462000,106.84512900,ASIA,Indonesia,SEA
Ci… UCF,Ci… UCF,GPE,0.16666667,0.30000000,en,1.00000000,,-1,,,,,,
Meteo France,Meteo France,GPE,0.00000000,0.00000000,en,1.00000000,,-1,,,,,,
Europes,Europes,LOC,0.23437500,0.46875000,en,1.00000000,,-1,,,,,,
Antwerp,Antwerp,GPE,0.23437500,0.46875000,en,1.00000000,1266617345,5107253,X,44.19916600,-75.60694400,NORTH-AMERICA,United States,ENA
Northern Cal,Northern Cal,LOC,0.00000000,0.00000000,en,1.00000000,,-1,,,,,,
Northern US,Northern US,LOC,0.50000000,0.50000000,en,1.00000000,,-1,,,,,,
Madrid,Madrid,GPE,0.00000000,0.00000000,en,1.00000000,4036862-2,3117735,X,40.41649900,-3.70256000,EUROPE-AFRICA,Spain,MED
Montana City,Montana City,GPE,0.06666667,0.35000000,en,1.00000000,,-1,,,,,,
East Helena,East Helena,GPE,0.06666667,0.35000000,en,1.00000000,,-1,,,,,,
South Dakota,South Dakota,GPE,1.00000000,1.12500000,en,1.00000000,4055657-8,5769223,X,44.50025900,-100.25069000,NORTH-AMERICA,United States,CNA
Louth,Louth,GPE,0.00000000,0.10000000,en,1.00000000,,-1,,,,,,
Way,Way,LOC,0.50000000,0.50000000,en,1.00000000,,-1,,,,,,
Yarbo,Yarbo,GPE,-0.10000000,0.20000000,en,1.00000000,,-1,,,,,,
Shenb… SHENYANG,Shenb… SHENYANG,GPE,0.30666667,0.37333333,en,1.00000000,,-1,,,,,,
Atacama Desert,Atacama Desert,LOC,0.00000000,0.00000000,en,1.00000000,,-1,,,,,,
Budapest,Budapest,GPE,0.00000000,0.00000000,en,1.00000000,4008684-7,3054643,X,47.49801000,19.03990900,EUROPE,Hungary,WCE
the Atacama Desert,the Atacama Desert,LOC,0.23611111,0.59722222,en,1.00000000,,-1,,,,,,
Most Advanced Telescopes,Most Advanced Telescopes,LOC,0.23611111,0.59722222,en,1.00000000,,-1,,,,,,
Estonias,Estonias,GPE,0.21818182,0.72727273,en,1.00000000,,-1,,,,,,
San Diego,San Diego,GPE,0.25000000,0.85000000,en,1.00000000,,-1,,,,,,
the north Pacific,the north Pacific,LOC,0.25000000,0.85000000,en,1.00000000,,-1,,,,,,
Peloponnese,Peloponnese,GPE,-0.17000000,0.40000000,en,1.00000000,,-1,,,,,,
La Niña,La Niña,GPE,0.00000000,0.00000000,en,1.00000000,,-1,,,,,,
Trollstigen,Trollstigen,GPE,0.55000000,0.70000000,en,1.00000000,,-1,,,,,,
Buffalo,Buffalo,GPE,0.00000000,0.40000000,en,1.00000000,,-1,,,,,,
SHENYANG,SHENYANG,GPE,0.30666667,0.37333333,en,1.00000000,,-1,,,,,,
Washington County,Washington County,GPE,0.00000000,0.00000000,en,1.00000000,,-1,,,,,,
Winnipeg,Winnipeg,LOC,0.00000000,0.00000000,en,1.00000000,4119124-9,6183235,X,49.88439900,-97.14704000,NORTH-AMERICA,Canada,CNA
Frost Cove,Frost Cove,LOC,0.19841270,0.50674603,en,1.00000000,,-1,,,,,,
Mohawk Valley,Mohawk Valley,LOC,0.00000000,1.00000000,en,1.00000000,,-1,,,,,,
Ohio Valley,Ohio Valley,LOC,0.80000000,0.75000000,en,1.00000000,,-1,,,,,,
Southern New Mexico,Southern New Mexico,LOC,0.06818182,0.22727273,en,1.00000000,,-1,,,,,,
the Gulf Coast,the Gulf Coast,LOC,0.26666667,0.80416667,en,1.00000000,,-1,,,,,,
WNY,WNY,GPE,-0.12500000,0.37500000,en,1.00000000,,-1,,,,,,
Shinkansen,Shinkansen,GPE,0.36250000,0.56428571,en,1.00000000,,-1,,,,,,
the Northern Lig,the Northern Lig,LOC,-0.15000000,0.40000000,en,1.00000000,,-1,,,,,,
Lake Erie,Lake Erie,LOC,0.10666667,0.40166667,en,1.00000000,,-1,,,,,,
Erie County's,Erie County's,GPE,0.13636364,0.45454545,en,1.00000000,,-1,,,,,,
Western New York,Western New York,LOC,0.04545455,0.48484848,en,1.00000000,,-1,,,,,,
Narayangadh,Narayangadh,LOC,-0.60000000,1.00000000,en,1.00000000,4721763-7,1283001,X,27.68333000,84.41666900,ASIA,Nepal,TIB
Chukchi Peninsula,Chukchi Peninsula,LOC,0.55000000,0.70000000,en,1.00000000,,-1,,,,,,
Pittsburghs Squirrel Hill,Pittsburghs Squirrel Hill,LOC,-0.20000000,0.40000000,en,1.00000000,,-1,,,,,,
Siberia,Siberia,LOC,0.30000000,0.80000000,en,1.00000000,,-1,,,,,,
Fort McMurray,Fort McMurray,GPE,0.00000000,0.00000000,en,1.00000000,,-1,,,,,,
Banff,Banff,GPE,0.00000000,0.00000000,en,1.00000000,,-1,,,,,,
Grande Prairie,Grande Prairie,GPE,0.00000000,0.00000000,en,1.00000000,,-1,,,,,,
Mount Superior,Mount Superior,LOC,0.51250000,1.40000000,en,1.00000000,,-1,,,,,,
North Temperatures,North Temperatures,LOC,-0.03333333,0.23333333,en,1.00000000,,-1,,,,,,
Northern IrelandTravel,Northern IrelandTravel,LOC,-0.03333333,0.46666667,en,1.00000000,,-1,,,,,,
Enontekiö,Enontekiö,GPE,0.80000000,0.90000000,en,1.00000000,4342379-6,660229,X,68.38572900,23.63214900,EUROPE,Finland,NEU
Kilpisjärvi,Kilpisjärvi,GPE,0.80000000,0.90000000,en,1.00000000,,-1,,,,,,
Little Cottonwood Canyon,Little Cottonwood Canyon,LOC,0.51250000,1.40000000,en,1.00000000,,-1,,,,,,
Southcentral,Southcentral,GPE,0.00000000,0.00000000,en,1.00000000,,-1,,,,,,
Squirrel Hill,Squirrel Hill,LOC,-0.20000000,0.40000000,en,1.00000000,,-1,,,,,,
West Nawalparasi,West Nawalparasi,GPE,-0.27750000,0.65000000,en,1.00000000,,-1,,,,,,
Salt Lake,Salt Lake,GPE,0.00000000,0.00000000,en,1.00000000,,-1,,,,,,
NEW YORK CITY,NEW YORK CITY,GPE,0.16181818,0.61272727,en,1.00000000,,-1,,,,,,
New York City's,New York City's,GPE,0.13961039,0.61120130,en,1.00000000,,-1,,,,,,
Gush Dan,Gush Dan,LOC,0.00000000,0.00000000,en,1.00000000,,-1,,,,,,
Derry,Derry,GPE,-0.07777778,0.14444444,en,1.00000000,4111374-3,2643736,X,54.99810000,-7.30933900,EUROPE,United Kingdom,NEU
Armagh,Armagh,GPE,-0.07777778,0.14444444,en,1.00000000,4293636-6,2657060,X,54.35000000,-6.66666900,EUROPE,United Kingdom,NEU
Antrim,Antrim,GPE,-0.07777778,0.14444444,en,1.00000000,4079799-5,2657255,X,54.70000000,-6.20000000,EUROPE,United Kingdom,NEU
Hungary,Hungary,GPE,-0.03000000,0.57000000,en,1.00000000,4078541-5,719819,X,47.00000000,20.00000000,EUROPE,Hungary,WCE
the Middle East,the Middle East,LOC,-0.33333333,0.33333333,en,1.00000000,,-1,,,,,,
North America,North America,LOC,-0.33333333,0.33333333,en,1.00000000,,-1,,,,,,
Southeast Asia,Southeast Asia,LOC,-0.33333333,0.33333333,en,1.00000000,,-1,,,,,,
Mustang,Mustang,GPE,0.25833333,0.64861111,en,1.00000000,,-1,,,,,,
Wilmington,Wilmington,GPE,0.09500000,0.67500000,en,1.00000000,,-1,,,,,,
Korala,Korala,GPE,0.12500000,0.32083333,en,1.00000000,,-1,,,,,,
CYPRESS,CYPRESS,GPE,-0.10000000,0.35000000,en,1.00000000,,-1,,,,,,
Chicagos,Chicagos,GPE,0.27000000,0.41333333,en,1.00000000,,-1,,,,,,
Labrador Sea,Labrador Sea,LOC,0.00000000,0.00000000,en,1.00000000,,-1,,,,,,
FANNIN COUNTY,FANNIN COUNTY,GPE,0.16666667,0.43333333,en,1.00000000,,-1,,,,,,
Lower Michigan,Lower Michigan,GPE,0.25000000,0.75000000,en,1.00000000,,-1,,,,,,
North Dakota,North Dakota,GPE,0.00000000,0.23333333,en,1.00000000,4075498-4,5690763,X,47.50027000,-100.80000000,NORTH-AMERICA,United States,CNA
Northern Norway,Northern Norway,LOC,0.36818182,0.67727273,en,1.00000000,,-1,,,,,,
Zhangjiakou,Zhangjiakou,GPE,-0.20000000,0.85000000,en,1.00000000,,-1,,,,,,
the Finnmark Plateau,the Finnmark Plateau,LOC,0.40000000,0.40000000,en,1.00000000,,-1,,,,,,
Indigenous Sámi,Indigenous Sámi,LOC,0.00000000,0.00000000,en,1.00000000,,-1,,,,,,
Blue Ridge,Blue Ridge,LOC,0.16666667,0.43333333,en,1.00000000,,-1,,,,,,
Butler County,Butler County,GPE,0.00000000,0.00000000,en,1.00000000,,-1,,,,,,
Wildcats,Wildcats,GPE,-0.34583333,0.47083333,en,1.00000000,,-1,,,,,,
the eastern seaboard,the eastern seaboard,LOC,0.28750000,0.66875000,en,1.00000000,,-1,,,,,,
Brazil,Brazil,GPE,0.26666667,0.56666667,en,1.00000000,4008003-1,3469034,X,-10.00000000,-55.00000000,SOUTH-AMERICA,Brazil,SAM
Amarillo,Amarillo,GPE,0.25000000,0.33333333,en,1.00000000,,-1,,,,,,
Culver City,Culver City,GPE,0.00000000,0.00000000,en,1.00000000,,-1,,,,,,
Northern High Plains,Northern High Plains,LOC,0.12750000,0.38500000,en,1.00000000,,-1,,,,,,
Northern Rockies,Northern Rockies,LOC,0.12750000,0.38500000,en,1.00000000,,-1,,,,,,
Germanys,Germanys,GPE,0.00000000,0.00000000,en,1.00000000,,-1,,,,,,
Memphis,Memphis,GPE,0.07500000,0.29166667,en,1.00000000,,-1,,,,,,
Tonawanda,Tonawanda,GPE,0.34444444,0.51111111,en,1.00000000,,-1,,,,,,
Kokomo,Kokomo,GPE,0.00000000,0.00000000,en,1.00000000,,-1,,,,,,
weatherClickOnDetroit,weatherClickOnDetroit,GPE,0.00555556,0.52222222,en,1.00000000,,-1,,,,,,
Incline Village,Incline Village,GPE,0.02500000,0.40000000,en,1.00000000,,-1,,,,,,
Tahoe,Tahoe,LOC,-0.20000000,0.24166667,en,1.00000000,,-1,,,,,,
Pathivara Temple,Pathivara Temple,LOC,0.25000000,0.33333333,en,1.00000000,,-1,,,,,,
the Upper Peninsula,the Upper Peninsula,LOC,-0.00750000,0.30000000,en,1.00000000,,-1,,,,,,
Kankakee,Kankakee,GPE,0.00000000,0.00000000,en,1.00000000,,-1,,,,,,
Lake County,Lake County,GPE,0.00000000,0.00000000,en,1.00000000,,-1,,,,,,
the York County,the York County,GPE,0.00000000,0.00000000,en,1.00000000,,-1,,,,,,
Sunda,Sunda,GPE,0.17884199,0.35844156,en,1.00000000,,-1,,,,,,
South An,South An,LOC,-0.30000000,0.71666667,en,1.00000000,,-1,,,,,,
the Northwestern Wildcats,the Northwestern Wildcats,LOC,0.00000000,0.00000000,en,1.00000000,,-1,,,,,,
Atlético Madrid,Atlético Madrid,GPE,0.00000000,0.00000000,en,1.00000000,,-1,,,,,,
Belem,Belem,GPE,0.50000000,0.50000000,en,1.00000000,,-1,,,,,,
the Empire State,the Empire State,GPE,0.00000000,0.00000000,en,1.00000000,,-1,,,,,,
Nor’Easter,Nor’Easter,GPE,0.09090909,0.30303030,en,1.00000000,,-1,,,,,,
Cortina,Cortina,GPE,0.55000000,0.70000000,en,1.00000000,4085339-1,3177952,X,46.53690000,12.13903000,EUROPE,Italy,WCE
Prince George,Prince George,GPE,-0.26250000,0.48750000,en,1.00000000,,-1,,,,,,
Prokopyevsk,Prokopyevsk,GPE,0.00000000,0.00000000,en,1.00000000,,-1,,,,,,
Greater St. Louis,Greater St. Louis,GPE,0.35000000,0.35000000,en,1.00000000,,-1,,,,,,
sprea,sprea,GPE,0.00000000,0.25000000,en,1.00000000,,-1,,,,,,
recor,recor,GPE,-0.10000000,0.40000000,en,1.00000000,,-1,,,,,,
Kiselevsk,Kiselevsk,GPE,0.00000000,0.00000000,en,1.00000000,,-1,,,,,,
Ann Arbor,Ann Arbor,GPE,-0.16666667,0.16666667,en,1.00000000,,-1,,,,,,
SOUTHFIELD,SOUTHFIELD,GPE,0.50000000,0.50000000,en,1.00000000,,-1,,,,,,
Leninsk-Kuzn,Leninsk-Kuzn,GPE,0.00000000,0.00000000,en,1.00000000,,-1,,,,,,
the Atlantic Ocean,the Atlantic Ocean,LOC,0.17777778,0.56666667,en,1.00000000,,-1,,,,,,
the South Atlantic,the South Atlantic,LOC,0.40000000,0.40000000,en,1.00000000,,-1,,,,,,
the Central U.s,the Central U.s,LOC,-0.01500000,0.40000000,en,1.00000000,,-1,,,,,,
the Central U.S.,the Central U.S.,LOC,-0.01500000,0.40000000,en,1.00000000,,-1,,,,,,
NW Indiana,NW Indiana,GPE,0.06250000,0.50000000,en,1.00000000,,-1,,,,,,
Caparzo,Caparzo,LOC,1.00000000,1.00000000,en,1.00000000,,-1,,,,,,
WISCONSIN,WISCONSIN,GPE,0.00000000,0.05000000,en,1.00000000,,-1,,,,,,
MINNESOTA,MINNESOTA,GPE,0.00000000,0.05000000,en,1.00000000,,-1,,,,,,
Wular Lake,Wular Lake,GPE,0.26666667,0.56666667,en,1.00000000,,-1,,,,,,
Sierra Nevada,Sierra Nevada,LOC,-0.04166667,0.55833333,en,1.00000000,,-1,,,,,,
Catskills,Catskills,GPE,-0.03787879,0.28484848,en,1.00000000,,-1,,,,,,
Highlands,Highlands,LOC,0.38333333,0.51111111,en,1.00000000,,-1,,,,,,
New Jersey’s,New Jersey’s,GPE,0.08087121,0.34040404,en,1.00000000,,-1,,,,,,
sidein Union,sidein Union,GPE,0.00000000,0.00000000,en,1.00000000,,-1,,,,,,
Irelands,Irelands,GPE,-0.10000000,0.10000000,en,1.00000000,,-1,,,,,,
Staten Island,Staten Island,GPE,0.06818182,0.22727273,en,1.00000000,,-1,,,,,,
The Bay Area's,The Bay Area's,LOC,-0.10000000,0.40000000,en,1.00000000,,-1,,,,,,
Tawang,Tawang,GPE,-0.11666667,0.36388889,en,1.00000000,,-1,,,,,,
SAN DIEGO,SAN DIEGO,GPE,0.09090909,0.17445887,en,1.00000000,,-1,,,,,,
east,east,LOC,0.09090909,0.17445887,en,1.00000000,,-1,,,,,,
Upper West Side,Upper West Side,LOC,0.06818182,0.22727273,en,1.00000000,,-1,,,,,,
New York Harbor,New York Harbor,GPE,0.13636364,0.45454545,en,1.00000000,,-1,,,,,,
St. Charles County,St. Charles County,GPE,-0.40000000,0.85000000,en,1.00000000,,-1,,,,,,
Sunset Park,Sunset Park,LOC,0.00000000,0.00000000,en,1.00000000,,-1,,,,,,
li>7,li>7,GPE,0.06666667,0.23333333,en,1.00000000,,-1,,,,,,
utopian city,utopian city,GPE,0.23484848,0.66666667,en,1.00000000,,-1,,,,,,
Koraput,Koraput,GPE,0.00000000,0.00000000,en,1.00000000,4258004-3,1266128,X,18.81200000,82.71048000,ASIA,India,SAS
Laxmipur,Laxmipur,GPE,0.00000000,0.00000000,en,1.00000000,,-1,,,,,,
Lonavala,Lonavala,GPE,0.00000000,0.00000000,en,1.00000000,,-1,,,,,,
Miami,Miami,GPE,0.50000000,0.50000000,en,1.00000000,,-1,,,,,,
Cozy Earth,Cozy Earth,LOC,0.26666667,0.75000000,en,1.00000000,,-1,,,,,,
the Arctic Circle,the Arctic Circle,LOC,0.39428571,0.50571429,en,1.00000000,,-1,,,,,,
Kutunipadar,Kutunipadar,GPE,0.10000000,0.10000000,en,1.00000000,,-1,,,,,,
Kutu,Kutu,GPE,0.10000000,0.10000000,en,1.00000000,,-1,,,,,,
Raj Bhavan,Raj Bhavan,LOC,0.35714286,0.57142857,en,1.00000000,,-1,,,,,,
Red Fort,Red Fort,GPE,0.04727273,0.24090909,en,1.00000000,,-1,,,,,,
New Delhi,New Delhi,GPE,0.04727273,0.24090909,en,1.00000000,4011371-1,1273294,X,28.65381000,77.22897000,ASIA,India,SAS
"\""horrific\""","\""horrific\""",GPE,-0.11250000,0.28750000,en,1.00000000,,-1,,,,,,
Uncompahgre Plateau,Uncompahgre Plateau,LOC,0.18750000,0.68750000,en,1.00000000,,-1,,,,,,
MONTROSE COUNTY,MONTROSE COUNTY,GPE,0.70000000,1.00000000,en,1.00000000,,-1,,,,,,
Colo.,Colo.,GPE,0.70000000,1.00000000,en,1.00000000,,-1,,,,,,
Marriott,Marriott,GPE,0.40000000,0.40000000,en,1.00000000,,-1,,,,,,
MONTREAL,MONTREAL,GPE,0.00888889,0.43777778,en,1.00000000,,-1,,,,,,
Floridas,Floridas,GPE,-0.06666667,0.30000000,en,1.00000000,,-1,,,,,,
the Sunshine State,the Sunshine State,LOC,0.00000000,0.00000000,en,1.00000000,,-1,,,,,,
Meath,Meath,GPE,0.00000000,0.00000000,en,1.00000000,,-1,,,,,,
Longford,Longford,GPE,0.00000000,0.00000000,en,1.00000000,,-1,,,,,,
Laois,Laois,GPE,0.00000000,0.00000000,en,1.00000000,,-1,,,,,,
Kilkenny,Kilkenny,GPE,0.00000000,0.00000000,en,1.00000000,4265639-4,2963398,X,52.65417000,-7.25222000,EUROPE,Ireland,NEU
Kildare,Kildare,GPE,0.00000000,0.00000000,en,1.00000000,,-1,,,,,,
New York State Police,New York State Police,GPE,0.04545455,0.31818182,en,1.00000000,,-1,,,,,,
North East,North East,LOC,0.20000000,0.30000000,en,1.00000000,,-1,,,,,,
Nort,Nort,LOC,0.10000000,0.30000000,en,1.00000000,,-1,,,,,,
Planet,Planet,LOC,0.00000000,0.06666667,en,1.00000000,,-1,,,,,,
the Scottish Highlands,the Scottish Highlands,LOC,0.00000000,0.00000000,en,1.00000000,,-1,,,,,,
Southeast,Southeast,LOC,0.00000000,0.00000000,en,1.00000000,,-1,,,,,,
the Horstman Glacier,the Horstman Glacier,LOC,0.05000000,0.70000000,en,1.00000000,,-1,,,,,,
Whistler Blackcomb,Whistler Blackcomb,GPE,0.05000000,0.70000000,en,1.00000000,,-1,,,,,,
Snow,Snow,GPE,0.00000000,0.00000000,en,1.00000000,,-1,,,,,,
Ukraine,Ukraine,GPE,0.00000000,0.00000000,en,1.00000000,4061496-7,690791,X,49.00000000,32.00000000,EUROPE,Ukraine,WCE
Kyiv,Kyiv,GPE,0.25035714,0.70071429,en,1.00000000,4030522-3,703448,X,50.45472200,30.52388800,EUROPE,Ukraine,WCE
Hudbay,Hudbay,GPE,0.00000000,0.00000000,en,1.00000000,,-1,,,,,,
Caithness,Caithness,GPE,-0.24166667,0.49166667,en,1.00000000,,-1,,,,,,
South Hayling,South Hayling,GPE,0.00000000,0.50000000,en,1.00000000,,-1,,,,,,
DONEGAL,DONEGAL,GPE,0.00000000,0.00000000,en,1.00000000,,-1,,,,,,
CAVAN,CAVAN,GPE,0.00000000,0.00000000,en,1.00000000,,-1,,,,,,
Hayling Island,Hayling Island,GPE,0.06818182,0.26060606,en,1.00000000,,-1,,,,,,
the Catskill Mountains,the Catskill Mountains,LOC,0.09000000,0.54000000,en,1.00000000,,-1,,,,,,
Upstate,Upstate,GPE,-0.03787879,0.28484848,en,1.00000000,,-1,,,,,,
Lomanthang,Lomanthang,GPE,0.12500000,0.32083333,en,1.00000000,,-1,,,,,,
Tokyo,Tokyo,GPE,0.00000000,0.00000000,en,1.00000000,4078337-6,1850147,X,35.68950000,139.69171000,ASIA,Japan,EAS
the Mojave Desert,the Mojave Desert,LOC,-0.02500000,0.40000000,en,1.00000000,,-1,,,,,,
Dickson Fjord,Dickson Fjord,LOC,-0.30000000,0.60000000,en,1.00000000,,-1,,,,,,
Christm,Christm,LOC,0.00000000,0.00000000,en,1.00000000,,-1,,,,,,
the Ocean State,the Ocean State,LOC,0.00000000,0.00000000,en,1.00000000,,-1,,,,,,
Waco,Waco,GPE,0.66666667,1.20000000,en,1.00000000,,-1,,,,,,
RI,RI,GPE,0.00000000,0.00000000,en,1.00000000,,-1,,,,,,
Northeast Coast,Northeast Coast,LOC,-0.51944444,0.75000000,en,1.00000000,,-1,,,,,,
West coast,West coast,LOC,0.60000000,0.60000000,en,1.00000000,,-1,,,,,,
Northern Japan,Northern Japan,LOC,-0.35000000,0.57777778,en,1.00000000,,-1,,,,,,
NKY,NKY,GPE,-0.12500000,0.37500000,en,1.00000000,,-1,,,,,,
Atmospheric River,Atmospheric River,LOC,0.00000000,0.00000000,en,1.00000000,,-1,,,,,,
Queensland,Queensland,GPE,0.28750000,0.47500000,en,1.00000000,4103475-2,2152274,X,-20.00000000,145.00000000,OCEANIA,Australia,NAU
N.B,N.B,GPE,0.00000000,0.31250000,en,1.00000000,,-1,,,,,,
Cambs,Cambs,GPE,0.10000000,0.40000000,en,1.00000000,,-1,,,,,,
Kuhmo,Kuhmo,GPE,0.00000000,0.24444444,en,1.00000000,4828507-9,650705,X,64.13333000,29.51667000,EUROPE,Finland,NEU
Kodiak,Kodiak,GPE,-0.10000000,0.10000000,en,1.00000000,,-1,,,,,,
eastern Ontario,eastern Ontario,LOC,0.00000000,0.00000000,en,1.00000000,,-1,,,,,,
Lake Pkaki,Lake Pkaki,LOC,0.00000000,0.00000000,en,1.00000000,,-1,,,,,,
Waitaki catchment,Waitaki catchment,LOC,0.01750000,0.45750000,en,1.00000000,,-1,,,,,,
South Island,South Island,LOC,0.00000000,0.00000000,en,1.00000000,,-1,,,,,,
Benmore Dam,Benmore Dam,GPE,0.00000000,0.00000000,en,1.00000000,,-1,,,,,,
Rowland,Rowland,GPE,0.00000000,0.00000000,en,1.00000000,,-1,,,,,,
Polk County,Polk County,GPE,0.40000000,0.40000000,en,1.00000000,,-1,,,,,,
Famous Mountains,Famous Mountains,LOC,0.50000000,1.00000000,en,1.00000000,,-1,,,,,,
New Jers,New Jers,GPE,0.13636364,0.45454545,en,1.00000000,,-1,,,,,,
Lakeland,Lakeland,GPE,0.25000000,0.40000000,en,1.00000000,,-1,,,,,,
WASHINGTON,WASHINGTON,GPE,-0.05000000,0.25000000,en,1.00000000,,-1,,,,,,
McLane Stadium,McLane Stadium,GPE,0.66666667,1.20000000,en,1.00000000,,-1,,,,,,
Québec City,Québec City,GPE,0.14444444,0.47777778,en,1.00000000,4103473-9,6325494,X,46.81222200,-71.21444400,NORTH-AMERICA,Canada,ENA
Himachal Pradesh,Himachal Pradesh,GPE,-0.01333333,0.21333333,en,1.00000000,4240080-6,1270101,X,31.00000000,78.00000000,ASIA,India,TIB
INDIANAPOLIS,INDIANAPOLIS,GPE,0.17500000,0.29166667,en,1.00000000,,-1,,,,,,
CINCINNATI,CINCINNATI,GPE,0.00000000,0.00000000,en,1.00000000,,-1,,,,,,
Myagdi,Myagdi,GPE,0.11666667,1.53333333,en,1.00000000,,-1,,,,,,
the National Oceanic,the National Oceanic,LOC,0.00000000,0.00000000,en,1.00000000,,-1,,,,,,
the Gulf States,the Gulf States,LOC,-0.08888889,0.60555556,en,1.00000000,,-1,,,,,,
Iceland v Northern Ireland,Iceland v Northern Ireland,GPE,-0.12500000,0.37500000,en,1.00000000,,-1,,,,,,
East Nantmea,East Nantmea,GPE,0.10000000,1.00000000,en,1.00000000,,-1,,,,,,
Northern Ireland's,Northern Ireland's,GPE,-0.20000000,0.50000000,en,1.00000000,,-1,,,,,,
SundayABC7,SundayABC7,GPE,0.06950758,0.51155303,en,1.00000000,,-1,,,,,,
Atlantic,Atlantic,LOC,0.11212121,0.21818182,en,1.00000000,,-1,,,,,,
Mississippi State,Mississippi State,GPE,0.00000000,0.00000000,en,1.00000000,,-1,,,,,,
Venus,Venus,LOC,0.00000000,0.00000000,en,1.00000000,,-1,,,,,,
WEST LAFAYETTE,WEST LAFAYETTE,GPE,-0.20000000,0.50000000,en,1.00000000,,-1,,,,,,
Panama,Panama,GPE,0.00000000,0.00000000,en,1.00000000,4044445-4,3703430,X,9.00000000,-80.00000000,CENTRAL-AMERICA,Panama,SCA
Vantaa,Vantaa,GPE,0.10000000,0.10000000,en,1.00000000,4333158-0,632453,X,60.29413900,25.04099000,EUROPE,Finland,NEU
Ports-RUNE,Ports-RUNE,LOC,0.00000000,0.00000000,en,1.00000000,,-1,,,,,,
Alpine,Alpine,LOC,0.00000000,0.00000000,en,1.00000000,,-1,,,,,,
North Cascades,North Cascades,LOC,0.00000000,0.00000000,en,1.00000000,,-1,,,,,,
Illinois city,Illinois city,GPE,0.25000000,0.33333333,en,1.00000000,,-1,,,,,,
European Alpine,European Alpine,LOC,0.50000000,0.15000000,en,1.00000000,,-1,,,,,,
Amravati,Amravati,GPE,-0.11250000,0.28750000,en,1.00000000,,-1,,,,,,
North Cascades National Park,North Cascades National Park,LOC,0.50000000,0.15000000,en,1.00000000,,-1,,,,,,
Pradesh,Pradesh,GPE,0.28000000,0.62000000,en,1.00000000,,-1,,,,,,
Himachal,Himachal,GPE,0.28000000,0.62000000,en,1.00000000,,-1,,,,,,
Sirmour,Sirmour,LOC,0.28000000,0.62000000,en,1.00000000,4641185-9,1256072,X,24.83539000,81.36605000,ASIA,India,SAS
Montréal,Montréal,GPE,0.04545455,0.40151515,en,1.00000000,4040188-1,6174335,X,47.33344900,-79.43296900,NORTH-AMERICA,Canada,ENA
Mecklenburg,Mecklenburg,GPE,0.10000000,0.40000000,en,1.00000000,,-1,,,,,,
OTTAWA,OTTAWA,GPE,-0.20000000,0.20000000,en,1.00000000,,-1,,,,,,
Regina,Regina,GPE,0.25000000,0.33333333,en,1.00000000,,-1,,,,,,
PvPvE,PvPvE,GPE,0.00000000,0.06666667,en,1.00000000,,-1,,,,,,
Hollywood,Hollywood,GPE,0.75000000,0.95000000,en,1.00000000,,-1,,,,,,
Getty,Getty,GPE,0.00000000,0.00000000,en,1.00000000,,-1,,,,,,
Manhattan,Manhattan,GPE,0.36818182,0.72727273,en,1.00000000,,-1,,,,,,
Empire State,Empire State,GPE,0.36818182,0.72727273,en,1.00000000,,-1,,,,,,
Cuddalore,Cuddalore,GPE,-0.06666667,0.16666667,en,1.00000000,4733701-1,1273802,X,11.74629000,79.76435900,ASIA,India,SAS
the Deep South,the Deep South,LOC,-0.04166667,0.32500000,en,1.00000000,,-1,,,,,,
Southern Ontario,Southern Ontario,LOC,0.15972222,0.36111111,en,1.00000000,,-1,,,,,,
Ottawa-Gatineau,Ottawa-Gatineau,GPE,0.75000000,1.83333333,en,1.00000000,,-1,,,,,,
Cumberland,Cumberland,GPE,0.25000000,0.33333333,en,1.00000000,4090641-3,2651716,X,54.75000000,-3.00000000,EUROPE,United Kingdom,NEU
Northwest Indiana,Northwest Indiana,GPE,0.70000000,1.75416667,en,1.00000000,,-1,,,,,,
Dubai,Dubai,GPE,0.25000000,0.33333333,en,1.00000000,4204043-7,292224,X,25.00000000,55.33333300,ASIA,United Arab Emirates,ARP
Michigan City,Michigan City,GPE,0.00000000,0.00000000,en,1.00000000,,-1,,,,,,
L.A.,L.A.,GPE,0.10000000,0.40000000,en,1.00000000,,-1,,,,,,
PIEDMONT,PIEDMONT,GPE,0.25000000,0.30000000,en,1.00000000,,-1,,,,,,
PIEDMONT TRIAD,PIEDMONT TRIAD,GPE,0.25000000,0.30000000,en,1.00000000,,-1,,,,,,
Piedmont,Piedmont,GPE,0.20000000,0.85000000,en,1.00000000,,-1,,,,,,
mid-Atlantic,mid-Atlantic,LOC,0.25000000,0.33333333,en,1.00000000,,-1,,,,,,
the Ohio Valley,the Ohio Valley,LOC,0.25000000,0.33333333,en,1.00000000,,-1,,,,,,
Missouri,Missouri,GPE,0.00000000,0.30000000,en,1.00000000,,-1,,,,,,
MILWAUKEE,MILWAUKEE,GPE,0.00000000,0.00000000,en,1.00000000,,-1,,,,,,
Grand Rapids,Grand Rapids,GPE,0.25000000,0.62500000,en,1.00000000,,-1,,,,,,
Winter,Winter,GPE,0.21666667,0.37777778,en,1.00000000,,-1,,,,,,
Miami Valley,Miami Valley,LOC,0.25000000,0.33333333,en,1.00000000,,-1,,,,,,
the Miami Valley,the Miami Valley,LOC,0.09444444,0.62222222,en,1.00000000,,-1,,,,,,
New York City Facing Snowy Commute,New York City Facing Snowy Commute,GPE,0.11818182,0.37727273,en,1.00000000,,-1,,,,,,
Jacksonville,Jacksonville,GPE,0.08333333,0.35000000,en,1.00000000,,-1,,,,,,
Appalachia,Appalachia,LOC,0.01250000,0.26458333,en,1.00000000,,-1,,,,,,
Florida City,Florida City,GPE,0.00000000,0.00000000,en,1.00000000,,-1,,,,,,
the Granite City,the Granite City,GPE,0.00000000,1.00000000,en,1.00000000,,-1,,,,,,
Serengeti,Serengeti,LOC,0.73333333,0.71666667,en,1.00000000,,-1,,,,,,
South Central Los Ange,South Central Los Ange,LOC,0.02500000,0.23750000,en,1.00000000,,-1,,,,,,
Richmond,Richmond,GPE,0.05416667,0.46666667,en,1.00000000,,-1,,,,,,
West Coast Rap Scene,West Coast Rap Scene,LOC,0.00000000,0.00000000,en,1.00000000,,-1,,,,,,
Bhayandar,Bhayandar,GPE,0.00000000,0.00000000,en,1.00000000,,-1,,,,,,
Dahisar Creek,Dahisar Creek,GPE,0.00000000,0.00000000,en,1.00000000,,-1,,,,,,
Dahisar-Bhayandar Link Road,Dahisar-Bhayandar Link Road,GPE,-0.15555556,0.28888889,en,1.00000000,,-1,,,,,,
NORTH CAROLINA,NORTH CAROLINA,GPE,-0.06250000,0.18750000,en,1.00000000,,-1,,,,,,
LOS ANGELES,LOS ANGELES,GPE,-0.75000000,1.00000000,en,1.00000000,,-1,,,,,,
NC,NC,GPE,-0.10000000,0.20000000,en,1.00000000,,-1,,,,,,
Tennessee,Tennessee,GPE,0.00000000,0.00000000,en,1.00000000,4119557-7,4662168,X,35.75034900,-86.25027000,NORTH-AMERICA,United States,ENA
the Tennessee Valley,the Tennessee Valley,LOC,-0.15000000,0.42500000,en,1.00000000,,-1,,,,,,
Lower Shore,Lower Shore,LOC,0.00000000,0.00000000,en,1.00000000,,-1,,,,,,
CALIFORNIA,CALIFORNIA,GPE,-0.75000000,1.00000000,en,1.00000000,,-1,,,,,,
Ocean City,Ocean City,GPE,0.00000000,0.00000000,en,1.00000000,,-1,,,,,,
Swamp Lake,Swamp Lake,LOC,0.05000000,0.20000000,en,1.00000000,,-1,,,,,,
New Orleans,New Orleans,GPE,0.13636364,0.45454545,en,1.00000000,,-1,,,,,,
Burbank,Burbank,GPE,0.00000000,0.00000000,en,1.00000000,,-1,,,,,,
GS,GS,LOC,0.00000000,1.00000000,en,1.00000000,,-1,,,,,,
Coldest City,Coldest City,GPE,0.27500000,0.55000000,en,1.00000000,,-1,,,,,,
arctic air far south,arctic air far south,LOC,-0.21111111,0.63333333,en,1.00000000,,-1,,,,,,
The East Coast,The East Coast,LOC,0.28125000,0.60208333,en,1.00000000,,-1,,,,,,
the Northeastern U.S.,the Northeastern U.S.,LOC,0.25000000,0.33333333,en,1.00000000,,-1,,,,,,
Minn.,Minn.,GPE,0.00000000,0.00000000,en,1.00000000,,-1,,,,,,
the Avalon Peninsula,the Avalon Peninsula,LOC,0.00000000,0.12500000,en,1.00000000,,-1,,,,,,
Sápmi,Sápmi,GPE,0.36818182,0.67727273,en,1.00000000,,-1,,,,,,
