,phrase,label,sentiment,subjectivity,language,count
Northeast,,,,,,
Chicago,,,,,,
Midwest,,,,,,
U.S.,,,,,,
New York,,,,,,
Colorado,,,,,,
California,,,,,,
US,,,,,,
Toronto,,,,,,
Arctic,,,,,,
New York City,,,,,,
Ontario,,,,,,
Great Lakes,,,,,,
New Jersey,,,,,,
UK,,,,,,
Michigan,,,,,,
Wisconsin,,,,,,
Kashmir,,,,,,
Canada,,,,,,
Iowa,,,,,,
Ohio,,,,,,
Finland,,,,,,
Denver,,,,,,
Lancaster County,,,,,,
Massachusetts,,,,,,
the United States,,,,,,
Philadelphia,,,,,,
Pennsylvania,,,,,,
the Great Lakes,,,,,,
Germany,,,,,,
Manitoba,,,,,,
NYC,,,,,,
NY,,,,,,
Washington,,,,,,
Japan,,,,,,
Indiana,,,,,,
Illinois,,,,,,
Minnesota,,,,,,
Scotland,,,,,,
B.C.,,,,,,
Cincinnati,,,,,,
Calgary,,,,,,
arctic,,,,,,
Quebec,,,,,,
NJ,,,,,,
Florida,,,,,,
Jammu,,,,,,
South,,,,,,
India,,,,,,
Texas,,,,,,
Vermont,,,,,,
New Hampshire,,,,,,
West Michigan,,,,,,
England,,,,,,
Ottawa,,,,,,
Kentucky,,,,,,
St. Louis,,,,,,
Rockies,,,,,,
New England,,,,,,
Newfoundland,,,,,,
Taplejung,,,,,,
Louisville,,,,,,
Metro Detroit,,,,,,
Connecticut,,,,,,
Saudi Arabia,,,,,,
Kansas City,,,,,,
Alaska,,,,,,
America,,,,,,
Earth,,,,,,
the East Coast,,,,,,
the Pacific Northwest,,,,,,
NEW YORK,,,,,,
Southern California,,,,,,
Sweden,,,,,,
Europe,,,,,,
Kansas,,,,,,
Wales,,,,,,
Long Island,,,,,,
Indianapolis,,,,,,
China,,,,,,
the Great Lakes region,,,,,,
Peoria,,,,,,
Utah,,,,,,
Russia,,,,,,
Southeast Michigan,,,,,,
CHICAGO,,,,,,
Plains,,,,,,
Montana,,,,,,
Himalayas,,,,,,
Lapland,,,,,,
Maine,,,,,,
Detroit,,,,,,
Cleveland,,,,,,
New Brunswick,,,,,,
Los Angeles,,,,,,
Switzerland,,,,,,
Athens,,,,,,
Italy,,,,,,
Chennai,,,,,,
Milwaukee,,,,,,
Georgia,,,,,,
CTABC7,,,,,,
Montreal,,,,,,
Boston,,,,,,
Mich.,,,,,,
Green Bay,,,,,,
Türkiye,,,,,,
Chicagoland,,,,,,
Alberta,,,,,,
Pacific,,,,,,
Columbus,,,,,,
Houston,,,,,,
West Virginia,,,,,,
NWS,,,,,,
COLUMBUS,,,,,,
Aberdeenshire,,,,,,
Des Moines,,,,,,
Pacific Northwest,,,,,,
Gulmarg,,,,,,
North Carolina,,,,,,
Upper Peninsula,,,,,,
Attica,,,,,,
Virginia,,,,,,
the Lower Peninsula,,,,,,
Provo,,,,,,
Nepal,,,,,,
Pa.,,,,,,
Erie,,,,,,
South-Central,,,,,,
Norway,,,,,,
Salt Lake City,,,,,,
Oklahoma State,,,,,,
Alabama,,,,,,
Greece,,,,,,
Delhi,,,,,,
the West Coast,,,,,,
Leitrim,,,,,,
Napanee,,,,,,
Picton,,,,,,
PITTSBURGH,,,,,,
Vernon,,,,,,
West Lafayette,,,,,,
Utica,,,,,,
Mid-Atlantic,,,,,,
Sligo,,,,,,
B.C,,,,,,
Mo.,,,,,,
Mount Fuji,,,,,,
Greater Cincinnati,,,,,,
East Tennessee,,,,,,
Québec,,,,,,
Moscow,,,,,,
Attleboro,,,,,,
Helena,,,,,,
Central Park,,,,,,
finland,,,,,,
Northern Kentucky,,,,,,
Binghamton,,,,,,
Croatia,,,,,,
DENVER,,,,,,
Bloomington,,,,,,
Srinagar,,,,,,
East Coast,,,,,,
East,,,,,,
United States,,,,,,
GRAND RAPIDS,,,,,,
the Mid-Atlantic,,,,,,
San Diego County,,,,,,
Syracuse,,,,,,
Uzbekistan,,,,,,
Mississippi,,,,,,
Oregon,,,,,,
Aspen,,,,,,
Lewis County,,,,,,
N.Y.,,,,,,
Nova Scotia,,,,,,
BOSTON,,,,,,
HOKKAIDO,,,,,,
CALGARY,,,,,,
Nebraska,,,,,,
Tibet,,,,,,
the Coachella Valley,,,,,,
Northern,,,,,,
Ont.,,,,,,
York,,,,,,
Tiruvallur,,,,,,
KANSAS CITY,,,,,,
BERLIN,,,,,,
Mount Zao,,,,,,
Illini,,,,,,
New Mexico,,,,,,
Yellowstone Lake,,,,,,
Ranipet,,,,,,
CHAMPAIGN,,,,,,
Tirupattur,,,,,,
Albany,,,,,,
CUMBERLAND COUNTY,,,,,,
West,,,,,,
Broome County,,,,,,
Columbus City Schools,,,,,,
Central,,,,,,
Northeast California,,,,,,
Minneapolis,,,,,,
midwest,,,,,,
Fort,,,,,,
N.H.,,,,,,
Topeka,,,,,,
MANCHESTER,,,,,,
Evansville,,,,,,
Fort St. John,,,,,,
British Columbia,,,,,,
Victoria,,,,,,
D.C.,,,,,,
Muskegon,,,,,,
Greater Tokyo,,,,,,
Ireland,,,,,,
Maryland,,,,,,
Chamba,,,,,,
Inverness,,,,,,
Eastern Ontario,,,,,,
Kullu,,,,,,
PORTLAND,,,,,,
Northern Ireland,,,,,,
Cavan,,,,,,
ZAGREB,,,,,,
US Gulf,,,,,,
Delaware,,,,,,
Franklin,,,,,,
Grand Junction,,,,,,
Salisbury,,,,,,
Puducherry,,,,,,
Hawaii,,,,,,
Tri-State,,,,,,
Big Island,,,,,,
Honolulu,,,,,,
the North East,,,,,,
Helsinki,,,,,,
San Francisco,,,,,,
Ill.,,,,,,
Crawford,,,,,,
Rhode Island,,,,,,
N.C.,,,,,,
Villupuram,,,,,,
Metro Denver,,,,,,
Minami Ward,,,,,,
Pathibhara,,,,,,
the Pacific Northw,,,,,,
Hamilton County,,,,,,
Donegal,,,,,,
Patagonia,,,,,,
Clarenville,,,,,,
The National Oceanic,,,,,,
Chile,,,,,,
Mount Charleston,,,,,,
the Northern Plains,,,,,,
Lake Michigan,,,,,,
Lake Superior,,,,,,
Union,,,,,,
Pacific Ocean,,,,,,
Israel,,,,,,
Pokhara,,,,,,
Jomsom,,,,,,
Hudson Valley,,,,,,
Scandinavia,,,,,,
Calif.,,,,,,
Atacama,,,,,,
Alps,,,,,,
the Union Territory,,,,,,
Middletown,,,,,,
Ithaca,,,,,,
Baltic Sea,,,,,,
the Hudson Valley,,,,,,
Tallinn,,,,,,
Estonia,,,,,,
Easter Island,,,,,,
Kolydas,,,,,,
Labrador,,,,,,
The Mohawk Valley,,,,,,
TOKYO,,,,,,
Vancouver Island,,,,,,
Hobart,,,,,,
The United States,,,,,,
the Atacama plains,,,,,,
Tasmania,,,,,,
U.S,,,,,,
New Zealand,,,,,,
Saudi Arabia's,,,,,,
Mount Hermon,,,,,,
northern Manitoba,,,,,,
Hong Kong,,,,,,
Austria,,,,,,
TORONTO,,,,,,
DES MOINES,,,,,,
El Paso,,,,,,
MT,,,,,,
Mumbai,,,,,,
GREEN BAY,,,,,,
uninhabited island,,,,,,
the Gulf of Finland,,,,,,
Bozeman,,,,,,
Shenyang,,,,,,
PEORIA,,,,,,
Oklahoma,,,,,,
Hokkaido,,,,,,
Snow Joe,,,,,,
Iceland,,,,,,
Dublin,,,,,,
Portugal,,,,,,
Cotswolds,,,,,,
Asia,,,,,,
Khursani Khola,,,,,,
BUFFALO,,,,,,
Anchorage,,,,,,
New Yorks,,,,,,
Dakotas,,,,,,
Barrie,,,,,,
Springwater,,,,,,
Daunne,,,,,,
Death Valley,,,,,,
Australia,,,,,,
Paris,,,,,,
Crossville,,,,,,
Southern Hemispheres,,,,,,
Brooklyn,,,,,,
Berlin,,,,,,
HOUSTON,,,,,,
Cleveland County,,,,,,
Cobb County,,,,,,
TN,,,,,,
SHANGHAI,,,,,,
Mableton,,,,,,
Khabarhub,,,,,,
Beckley,,,,,,
Loudon,,,,,,
Munich,,,,,,
Zohran,,,,,,
Milan,,,,,,
Kenosha,,,,,,
Portsmouth,,,,,,
Hampshire,,,,,,
Sardinia,,,,,,
Cagliari,,,,,,
Racine,,,,,,
the Saudi Arabia season,,,,,,
BaT,,,,,,
Nightjet,,,,,,
Rasam,,,,,,
Woodward Park City,,,,,,
MARKHAM,,,,,,
Ga.,,,,,,
Albania,,,,,,
WNY,,,,,,
Southern New Mexico,,,,,,
the South West,,,,,,
Siberia,,,,,,
South Island,,,,,,
Mohawk Valley,,,,,,
Benmore Dam,,,,,,
Rowland,,,,,,
Chukchi Peninsula,,,,,,
Buffalo,,,,,,
Shenb… SHENYANG,,,,,,
Montréal,,,,,,
Famous Mountains,,,,,,
SHENYANG,,,,,,
New Jers,,,,,,
Ohio Valley,,,,,,
Northern IrelandTravel,,,,,,
Estonias,,,,,,
New York City's,,,,,,
Southeast Asia,,,,,,
Banff,,,,,,
North America,,,,,,
the Middle East,,,,,,
Grande Prairie,,,,,,
Burbank,,,,,,
Gush Dan,,,,,,
NEW YORK CITY,,,,,,
New Orleans,,,,,,
North Temperatures,,,,,,
Coldest City,,,,,,
arctic air far south,,,,,,
The East Coast,,,,,,
Southcentral,,,,,,
the Northeastern U.S.,,,,,,
Kilpisjärvi,,,,,,
West Nawalparasi,,,,,,
the Avalon Peninsula,,,,,,
Richmond,,,,,,
Fort McMurray,,,,,,
Bhayandar,,,,,,
Dahisar Creek,,,,,,
Dahisar-Bhayandar Link Road,,,,,,
Most Advanced Telescopes,,,,,,
NORTH CAROLINA,,,,,,
the Atacama Desert,,,,,,
NC,,,,,,
Tennessee,,,,,,
Ocean City,,,,,,
Enontekiö,,,,,,
Atacama Desert,,,,,,
Western New York,,,,,,
the Tennessee Valley,,,,,,
Washington County,,,,,,
Lower Shore,,,,,,
Narayangadh,,,,,,
Waitaki catchment,,,,,,
Burlington,,,,,,
Lake Pkaki,,,,,,
Pakistan,,,,,,
Wyoming,,,,,,
Yellowstone National Park,,,,,,
Cal,,,,,,
Boreal Mountain,,,,,,
La Niña,,,,,,
INDIANAPOLIS,,,,,,
CINCINNATI,,,,,,
The Atacama Desert,,,,,,
the Gulf States,,,,,,
East Nantmea,,,,,,
Eastern Pennsylvania,,,,,,
Gulf,,,,,,
Pittsburgh,,,,,,
SundayABC7,,,,,,
Halifax,,,,,,
Mississippi State,,,,,,
Venus,,,,,,
Algeria,,,,,,
WEST LAFAYETTE,,,,,,
colonizat,,,,,,
"Yellowstone Lake
",,,,,,
Dam Battlegrounds,,,,,,
West Coast,,,,,,
Puget,,,,,,
Malmo,,,,,,
Stockholm,,,,,,
Al-Jawf,,,,,,
Kingdom,,,,,,
ofbo,,,,,,
Icelandic,,,,,,
Çldr Lake,,,,,,
Çıldır Lake,,,,,,
ar,,,,,,
Frozen lake,,,,,,
Belmont Park's,,,,,,
Skagit,,,,,,
Wisco,,,,,,
Whatcom,,,,,,
King,,,,,,
Snohomish,,,,,,
Northern Manitoba,,,,,,
Seattle,,,,,,
Puget Sound,,,,,,
Santa,,,,,,
South-Central Pa,,,,,,
eastern Ontario,,,,,,
Bay of Exploits,,,,,,
West coast,,,,,,
Northern Japan,,,,,,
Poonch,,,,,,
Kashmirs,,,,,,
Avalon,,,,,,
Burin,,,,,,
NKY,,,,,,
Atmospheric River,,,,,,
Queensland,,,,,,
New York s,,,,,,
New York's,,,,,,
New York State of Emergency,,,,,,
US Northeast,,,,,,
the Upper Midwest,,,,,,
New York State,,,,,,
Terai,,,,,,
N.B,,,,,,
Erie County's,,,,,,
Lake Erie,,,,,,
Kuhmo,,,,,,
N.J.,,,,,,
Northeast Coast,,,,,,
LA,,,,,,
easte,,,,,,
Illinois city,,,,,,
expe,,,,,,
Wilmington,,,,,,
New York City Airports,,,,,,
Oakland,,,,,,
Pradesh,,,,,,
Himachal,,,,,,
Wynnefield Heights,,,,,,
Sirmour,,,,,,
Susquehanna,,,,,,
Himachal Pradesh,,,,,,
the ⁠US northeast,,,,,,
WASHINGTON,,,,,,
the Mojave Desert,,,,,,
the Finger Lakes,,,,,,
Dickson Fjord,,,,,,
Christm,,,,,,
the Hudson River Valley,,,,,,
the Ocean State,,,,,,
RI,,,,,,
Kildare,,,,,,
Appalachia,,,,,,
Florida City,,,,,,
Minn.,,,,,,
GS,,,,,,
Swamp Lake,,,,,,
CALIFORNIA,,,,,,
LOS ANGELES,,,,,,
West Coast Rap Scene,,,,,,
South Central Los Ange,,,,,,
Serengeti,,,,,,
L.A.,,,,,,
Mecklenburg,,,,,,
Cambs,,,,,,
Lakeland,,,,,,
Polk County,,,,,,
Kodiak,,,,,,
Tokyo,,,,,,
Waco,,,,,,
McLane Stadium,,,,,,
Québec City,,,,,,
North Cascades National Park,,,,,,
European Alpine,,,,,,
North Cascades,,,,,,
Alpine,,,,,,
Ports-RUNE,,,,,,
Vantaa,,,,,,
Panama,,,,,,
Atlantic,,,,,,
Northern Ireland's,,,,,,
the Granite City,,,,,,
Jacksonville,,,,,,
Blue Ridge,,,,,,
PvPvE,,,,,,
Chicagos,,,,,,
Kankakee,,,,,,
Lake County,,,,,,
NW Indiana,,,,,,
Leninsk-Kuzn,,,,,,
Kiselevsk,,,,,,
Prokopyevsk,,,,,,
Belem,,,,,,
Atlético Madrid,,,,,,
South An,,,,,,
OTTAWA,,,,,,
London,,,,,,
the Miami Valley,,,,,,
Miami Valley,,,,,,
Winter,,,,,,
MILWAUKEE,,,,,,
Michigan City,,,,,,
Regina,,,,,,
Dubai,,,,,,
Northwest Indiana,,,,,,
Ottawa-Gatineau,,,,,,
Southern Ontario,,,,,,
the Deep South,,,,,,
Empire State,,,,,,
Manhattan,,,,,,
Getty,,,,,,
Hollywood,,,,,,
Iceland v Northern Ireland,,,,,,
the National Oceanic,,,,,,
Myagdi,,,,,,
Lomanthang,,,,,,
the Northern Lig,,,,,,
Frost Cove,,,,,,
Trollstigen,,,,,,
the Northern Hemisphere,,,,,,
Peloponnese,,,,,,
the north Pacific,,,,,,
San Diego,,,,,,
Budapest,,,,,,
Hungary,,,,,,
Salt Lake,,,,,,
Little Cottonwood Canyon,,,,,,
Mount Superior,,,,,,
North America's,,,,,,
Phanerozoic,,,,,,
LAS VEGAS,,,,,,
Las Vegas,,,,,,
Rome,,,,,,
North Queensland,,,,,,
Cedar Creek Gardens,,,,,,
South Dakota,,,,,,
East Helena,,,,,,
Montana City,,,,,,
Northern Cal,,,,,,
Ci… UCF,,,,,,
Mount Everest,,,,,,
Everest,,,,,,
Hebei,,,,,,
Yarbo,,,,,,
app</li,,,,,,
Northern Texas,,,,,,
Metro Vancouver,,,,,,
Korala,,,,,,
Mustang,,,,,,
San…,,,,,,
Glenorchy,,,,,,
Sandy Bay,,,,,,
Louvre,,,,,,
SALT LAKE CITY,,,,,,
the Southern Hemisphere,,,,,,
The Northern Hemisphere,,,,,,
Gulf Islands,,,,,,
Lower Mainland,,,,,,
British Columbia's,,,,,,
Ishikari,,,,,,
the Pacific Ocean,,,,,,
Tenkasi,,,,,,
Thoothukkudi,,,,,,
Thiruvallur,,,,,,
Chengalpattu,,,,,,
Kanyakumari,,,,,,
Tamil Nadu,,,,,,
Western Slope,,,,,,
the Sahara Desert,,,,,,
Mt,,,,,,
Arai Mountain Resort,,,,,,
Niseko United,,,,,,
South Korea,,,,,,
FANNIN COUNTY,,,,,,
Butler County,,,,,,
Cuddalore,,,,,,
MINNESOTA,,,,,,
the Upper Peninsula,,,,,,
Labrador Sea,,,,,,
Lower Michigan,,,,,,
North Dakota,,,,,,
Northern Norway,,,,,,
Sápmi,,,,,,
the Finnmark Plateau,,,,,,
Indigenous Sámi,,,,,,
CYPRESS,,,,,,
the eastern seaboard,,,,,,
Amarillo,,,,,,
Northern High Plains,,,,,,
Northern Rockies,,,,,,
Germanys,,,,,,
Tonawanda,,,,,,
weatherClickOnDetroit,,,,,,
Incline Village,,,,,,
Tahoe,,,,,,
Pathivara Temple,,,,,,
Floridas,,,,,,
the Sunshine State,,,,,,
Meath,,,,,,
Longford,,,,,,
Laois,,,,,,
Kilkenny,,,,,,
Zhangjiakou,,,,,,
the north east,,,,,,
the York County,,,,,,
WISCONSIN,,,,,,
Wildcats,,,,,,
Caparzo,,,,,,
Cumberland,,,,,,
PIEDMONT,,,,,,
PIEDMONT TRIAD,,,,,,
Piedmont,,,,,,
mid-Atlantic,,,,,,
the Ohio Valley,,,,,,
Missouri,,,,,,
Grand Rapids,,,,,,
New York City Facing Snowy Commute,,,,,,
Upstate,,,,,,
Catskills,,,,,,
the Catskill Mountains,,,,,,
Sunda,,,,,,
the Northwestern Wildcats,,,,,,
the Empire State,,,,,,
Nor’Easter,,,,,,
Cortina,,,,,,
Prince George,,,,,,
Greater St. Louis,,,,,,
sprea,,,,,,
recor,,,,,,
Ann Arbor,,,,,,
SOUTHFIELD,,,,,,
the Atlantic Ocean,,,,,,
the South Atlantic,,,,,,
the Central U.s,,,,,,
the Central U.S.,,,,,,
North East,,,,,,
Nort,,,,,,
Ulster,,,,,,
the Scottish Highlands,,,,,,
Koraput,,,,,,
li>7,,,,,,
Sunset Park,,,,,,
New York Harbor,,,,,,
Upper West Side,,,,,,
Staten Island,,,,,,
sidein Union,,,,,,
New Jersey’s,,,,,,
Marriott,,,,,,
Hayling Island,,,,,,
South Hayling,,,,,,
Hudbay,,,,,,
Kyiv,,,,,,
Ukraine,,,,,,
Whistler Blackcomb,,,,,,
the Horstman Glacier,,,,,,
Southeast,,,,,,
Planet,,,,,,
New York State Police,,,,,,
MONTREAL,,,,,,
utopian city,,,,,,
Sierra Nevada,,,,,,
Brazil,,,,,,
Wular Lake,,,,,,
Kokomo,,,,,,
Memphis,,,,,,
Culver City,,,,,,
Laxmipur,,,,,,
Kutunipadar,,,,,,
Kutu,,,,,,
SAN DIEGO,,,,,,
Snow,,,,,,
Hawaii Island,,,,,,
Monaghan,,,,,,
Caithness,,,,,,
DONEGAL,,,,,,
CAVAN,,,,,,
Colo.,,,,,,
MONTROSE COUNTY,,,,,,
Uncompahgre Plateau,,,,,,
Irelands,,,,,,
The Bay Area's,,,,,,
Tawang,,,,,,
east,,,,,,
Melghat,,,,,,
St. Charles County,,,,,,
Highlands,,,,,,
ISTANBUL,,,,,,
Lonavala,,,,,,
Miami,,,,,,
Cozy Earth,,,,,,
the Arctic Circle,,,,,,
Raj Bhavan,,,,,,
Red Fort,,,,,,
New Delhi,,,,,,
"\""horrific\""",,,,,,
Amravati,,,,,,
Devon,,,,,,
